t_wall,x,y,z
0.0000,0.00000,0.00000,0.00000
0.0017,0.00000,0.00000,0.00001
0.0052,0.00000,0.00000,0.00000
0.0063,0.00000,0.00000,0.00000
0.0072,0.00000,0.00000,0.00001
0.0082,0.00000,0.00000,0.00000
0.0088,0.00000,0.00000,0.00001
0.0096,0.00000,0.00000,0.00001
0.0102,0.00000,0.00000,0.00001
0.0110,0.00000,0.00000,0.00000
0.0117,0.00000,0.00000,0.00001
0.0124,0.00000,0.00000,0.00000
0.0132,0.00000,0.00000,0.00001
0.0140,0.00000,0.00000,0.00001
0.0146,0.00000,0.00000,0.00001
0.0156,0.00000,0.00000,0.00000
0.0163,0.00000,0.00000,0.00001
0.0170,0.00000,0.00000,0.00000
0.0178,0.00000,0.00000,0.00000
0.0183,0.00000,0.00000,0.00001
0.0193,0.00000,0.00000,0.00000
0.0198,0.00000,0.00000,0.00001
0.0206,0.00000,0.00000,0.00000
0.0212,0.00000,0.00000,0.00001
0.0218,0.00000,0.00000,0.00001
0.0224,0.00000,0.00000,0.00000
0.0232,0.00000,0.00000,0.00000
0.0390,0.00000,0.00000,0.00001
0.0396,0.00000,0.00000,0.00001
0.0402,0.00000,0.00000,0.00000
0.0623,0.00000,0.00000,0.00001
0.0631,0.00000,0.00000,0.00000
0.0755,0.00000,0.00000,0.00001
0.0762,0.00000,0.00000,0.00001
0.0861,0.00000,0.00000,0.00000
0.0961,0.00000,0.00000,0.00001
0.1068,0.00000,0.00000,0.00001
0.1152,0.00000,0.00000,0.00000
0.1236,0.00000,0.00000,0.00001
0.1338,0.00000,0.00000,0.00000
0.1433,0.00000,0.00129,0.00000
0.1541,0.00000,0.00539,0.00000
0.1614,0.00000,0.01227,0.00000
0.1695,0.00000,0.02187,0.00000
0.1858,0.00000,0.03412,0.00000
0.1929,0.00000,0.04896,0.00000
0.2006,0.00000,0.06633,0.00000
0.2164,0.00000,0.08614,0.00000
0.2246,0.00000,0.10831,0.00000
0.2342,0.00000,0.13276,0.00000
0.2430,0.00000,0.15940,0.00000
0.2500,0.00000,0.18816,0.00000
0.2647,0.00000,0.21891,0.00000
0.2719,0.00000,0.25159,0.00000
0.2794,0.00000,0.28608,0.00000
0.2932,0.00000,0.32228,0.00000
0.3008,0.00000,0.36010,0.00000
0.3153,0.00000,0.39943,0.00000
0.3225,0.00000,0.44020,0.00000
0.3302,0.00000,0.48240,0.00000
0.3442,0.00000,0.52599,0.00000
0.3512,0.00000,0.57098,0.00000
0.3651,0.00000,0.61733,0.00000
0.3741,0.00000,0.66504,0.00000
0.3812,0.00000,0.71407,0.00000
0.3958,0.00000,0.76442,0.00000
0.4037,0.00000,0.81607,0.00000
0.4107,0.00000,0.86900,0.00000
0.4248,0.00000,0.92318,0.00000
0.4320,0.00000,0.97861,0.00000
0.4458,0.00000,1.03527,0.00000
0.4528,0.00000,1.09314,0.00000
0.4597,0.00000,1.15220,0.00000
0.4736,0.00000,1.21244,0.00000
0.4807,0.00000,1.27384,0.00000
0.4945,0.00000,1.33638,0.00000
0.5014,0.00000,1.40004,0.00000
0.5311,0.00000,1.46481,0.00000
0.5317,0.00000,1.53068,0.00000
0.5321,0.00000,1.59763,0.00000
0.5450,0.00000,1.66563,0.00000
0.5516,-0.00003,1.73469,0.00001
0.5654,-0.00018,1.80477,0.00013
0.5724,-0.00040,1.87588,0.00030
0.5799,-0.00064,1.94799,0.00047
0.5992,-0.00089,2.02110,0.00062
0.5999,-0.00104,2.09519,0.00074
0.6109,-0.00107,2.17024,0.00077
0.6207,-0.00101,2.24626,0.00073
0.6308,-0.00076,2.32322,0.00057
0.6416,-0.00027,2.40110,0.00025
0.6529,0.00046,2.47989,-0.00027
0.6631,0.00159,2.55957,-0.00107
0.6735,0.00317,2.64008,-0.00221
0.6863,0.00574,2.72123,-0.00406
0.6976,0.00891,2.80310,-0.00638
0.7097,0.01266,2.88572,-0.00909
0.7104,0.01694,2.96907,-0.01219
0.7230,0.02173,3.05316,-0.01566
0.7363,0.02701,3.13797,-0.01951
0.7479,0.03281,3.22348,-0.02372
0.7596,0.03909,3.30969,-0.02830
0.7602,0.04587,3.39658,-0.03323
0.7717,0.05316,3.48415,-0.03853
0.7829,0.06094,3.57237,-0.04418
0.7943,0.06921,3.66124,-0.05018
0.8058,0.07794,3.75074,-0.05655
0.8188,0.08716,3.84087,-0.06325
0.8325,0.09686,3.93160,-0.07031
0.8332,0.10693,4.02298,-0.07766
0.8454,0.11746,4.11494,-0.08535
0.8568,0.12845,4.20750,-0.09337
0.8676,0.13986,4.30064,-0.10173
0.8776,0.15176,4.39433,-0.11044
0.8875,0.16449,4.48982,-0.11975
0.8991,0.17810,4.58710,-0.12968
0.9110,0.19272,4.68627,-0.14029
0.9116,0.20850,4.78771,-0.15169
0.9241,0.22559,4.89130,-0.16391
0.9362,0.24411,4.99726,-0.17706
0.9489,0.26440,5.10617,-0.19133
0.9620,0.28760,5.21980,-0.20736
0.9625,0.31403,5.33829,-0.22532
0.9746,0.34396,5.46131,-0.24529
0.9872,0.37775,5.58884,-0.26742
0.9995,0.41580,5.72094,-0.29194
1.0002,0.45856,5.85739,-0.31892
1.0122,0.50616,5.99776,-0.34841
1.0244,0.55899,6.14183,-0.38048
1.0373,0.61722,6.28915,-0.41515
1.0501,0.68103,6.43929,-0.45240
1.0507,0.75067,6.59182,-0.49222
1.0626,0.82626,6.74636,-0.53455
1.0756,0.90802,6.90232,-0.57938
1.0887,0.99600,7.05936,-0.62660
1.1020,1.09055,7.21666,-0.67592
1.1027,1.19128,7.37450,-0.72735
1.1153,1.29800,7.53292,-0.78087
1.1282,1.41058,7.69187,-0.83642
1.1434,1.52887,7.85130,-0.89397
1.1440,1.65268,8.01108,-0.95344
1.1572,1.78186,8.17116,-1.01477
1.1711,1.91629,8.33147,-1.07792
1.1718,2.05582,8.49196,-1.14284
1.1847,2.20035,8.65258,-1.20949
1.1983,2.34973,8.81327,-1.27781
1.2118,2.50385,8.97400,-1.34776
1.2124,2.66263,9.13471,-1.41931
1.2252,2.82593,9.29536,-1.49241
1.2386,2.99368,9.45592,-1.56704
1.2518,3.16580,9.61634,-1.64317
1.2523,3.34222,9.77663,-1.72078
1.2650,3.52286,9.93671,-1.79982
1.2783,3.70764,10.09658,-1.88027
1.2915,3.89645,10.25619,-1.96210
1.2922,4.08923,10.41551,-2.04528
1.3047,4.28589,10.57450,-2.12977
1.3179,4.48630,10.73312,-2.21553
1.3310,4.69037,10.89134,-2.30253
1.3315,4.89801,11.04911,-2.39073
1.3443,5.10913,11.20640,-2.48009
1.3574,5.32361,11.36317,-2.57059
1.3704,5.54138,11.51938,-2.66218
1.3710,5.76233,11.67501,-2.75484
1.3836,5.98639,11.83003,-2.84853
1.3967,6.21344,11.98439,-2.94321
1.4103,6.44342,12.13807,-3.03886
1.4110,6.67624,12.29105,-3.13545
1.4226,6.91183,12.44330,-3.23295
1.4357,7.15015,12.59480,-3.33133
1.4484,7.39108,12.74554,-3.43058
1.4617,7.63461,12.89549,-3.53068
1.4625,7.88071,13.04466,-3.63160
1.4771,8.12924,13.19301,-3.73334
1.4922,8.38022,13.34054,-3.83584
1.4931,8.63354,13.48723,-3.93912
1.5063,8.88916,13.63306,-4.04313
1.5194,9.14700,13.77801,-4.14786
1.5202,9.40701,13.92207,-4.25329
1.5337,9.66913,14.06523,-4.35938
1.5470,9.93329,14.20746,-4.46613
1.5601,10.19946,14.34876,-4.57351
1.5609,10.46756,14.48911,-4.68149
1.5736,10.73752,14.62851,-4.79007
1.5864,11.00928,14.76694,-4.89920
1.5999,11.28278,14.90438,-5.00888
1.6006,11.55801,15.04081,-5.11908
1.6152,11.83490,15.17622,-5.22981
1.6283,12.11340,15.31058,-5.34103
1.6393,12.39340,15.44387,-5.45271
1.6399,12.67487,15.57605,-5.56483
1.6505,12.95779,15.70711,-5.67740
1.6611,13.24213,15.83701,-5.79042
1.6731,13.52789,15.96571,-5.90386
1.6857,13.81497,16.09319,-6.01770
1.6983,14.10339,16.21941,-6.13196
1.7109,14.39313,16.34433,-6.24661
1.7114,14.68414,16.46791,-6.36167
1.7236,14.97647,16.59011,-6.47712
1.7363,15.27008,16.71089,-6.59298
1.7490,15.56497,16.83022,-6.70921
1.7616,15.86111,16.94804,-6.82584
1.7621,16.15851,17.06432,-6.94284
1.7743,16.45712,17.17902,-7.06022
1.7870,16.75696,17.29210,-7.17797
1.7997,17.05804,17.40353,-7.29609
1.8003,17.36032,17.51327,-7.41458
1.8126,17.66379,17.62128,-7.53342
1.8250,17.96838,17.72753,-7.65262
1.8377,18.27414,17.83198,-7.77215
1.8504,18.58099,17.93461,-7.89201
1.8510,18.88895,18.03538,-8.01220
1.8629,19.19797,18.13427,-8.13273
1.8754,19.50806,18.23125,-8.25356
1.8879,19.81924,18.32629,-8.37473
1.9004,20.13153,18.41936,-8.49623
1.9009,20.44482,18.51044,-8.61804
1.9128,20.75919,18.59954,-8.74016
1.9250,21.07443,18.68660,-8.86257
1.9374,21.39062,18.77164,-8.98525
1.9497,21.70764,18.85462,-9.10817
1.9503,22.02557,18.93562,-9.23138
1.9620,22.34442,19.01466,-9.35486
1.9740,22.66418,19.09176,-9.47862
1.9862,22.98483,19.16695,-9.60264
1.9982,23.30630,19.24023,-9.72691
2.0105,23.62863,19.31162,-9.85143
2.0111,23.95175,19.38115,-9.97619
2.0228,24.27563,19.44881,-10.10117
2.0350,24.60028,19.51464,-10.22638
2.0472,24.92566,19.57866,-10.35179
2.0595,25.25174,19.64086,-10.47741
2.0600,25.57849,19.70127,-10.60322
2.0719,25.90591,19.75991,-10.72923
2.0843,26.23401,19.81680,-10.85543
2.0968,26.56271,19.87195,-10.98180
2.1093,26.89203,19.92538,-11.10835
2.1100,27.22195,19.97709,-11.23506
2.1220,27.55243,20.02711,-11.36193
2.1345,27.88345,20.07546,-11.48895
2.1467,28.21503,20.12214,-11.61612
2.1599,28.54712,20.16716,-11.74342
2.1605,28.87970,20.21056,-11.87085
2.1716,29.21277,20.25234,-11.99842
2.1838,29.54630,20.29251,-12.12610
2.1961,29.88028,20.33110,-12.25390
2.2084,30.21469,20.36811,-12.38182
2.2206,30.54950,20.40356,-12.50983
2.2213,30.88474,20.43747,-12.63795
2.2329,31.22037,20.46985,-12.76618
2.2450,31.55640,20.50072,-12.89450
2.2573,31.89279,20.53010,-13.02291
2.2695,32.22955,20.55799,-13.15140
2.2700,32.56665,20.58442,-13.27999
2.2818,32.90411,20.60939,-13.40866
2.2937,33.24191,20.63293,-13.53740
2.3060,33.58005,20.65504,-13.66623
2.3180,33.91849,20.67574,-13.79513
2.3301,34.25723,20.69505,-13.92409
2.3307,34.59628,20.71298,-14.05313
2.3422,34.93564,20.72955,-14.18223
2.3544,35.27524,20.74475,-14.31139
2.3665,35.61508,20.75862,-14.44060
2.3788,35.95517,20.77116,-14.56986
2.3909,36.29550,20.78238,-14.69916
2.3915,36.63608,20.79231,-14.82851
2.4033,36.97690,20.80095,-14.95791
2.4162,37.31793,20.80832,-15.08735
2.4283,37.65918,20.81442,-15.21684
2.4412,38.00061,20.81928,-15.34636
2.4421,38.34225,20.82291,-15.47591
2.4538,38.68408,20.82531,-15.60550
2.4655,39.02609,20.82650,-15.73513
2.4780,39.36829,20.82650,-15.86478
2.4913,39.71066,20.82531,-15.99447
2.4919,40.05322,20.82296,-16.12417
2.5035,40.39594,20.81944,-16.25390
2.5162,40.73880,20.81477,-16.38366
2.5287,41.08182,20.80897,-16.51343
2.5410,41.42499,20.80205,-16.64323
2.5416,41.76831,20.79401,-16.77305
2.5537,42.11176,20.78488,-16.90288
2.5659,42.45532,20.77465,-17.03273
2.5786,42.79901,20.76335,-17.16258
2.5913,43.14276,20.75098,-17.29242
2.5919,43.48657,20.73754,-17.42227
2.6039,43.83047,20.72306,-17.55211
2.6166,44.17444,20.70754,-17.68194
2.6300,44.51843,20.69099,-17.81174
2.6305,44.86246,20.67343,-17.94153
2.6445,45.20648,20.65485,-18.07129
2.6551,45.55051,20.63528,-18.20102
2.6677,45.89453,20.61472,-18.33072
2.6806,46.23856,20.59318,-18.46039
2.6812,46.58255,20.57067,-18.59002
2.6934,46.92654,20.54721,-18.71961
2.7066,47.27051,20.52280,-18.84916
2.7196,47.61444,20.49746,-18.97869
2.7202,47.95834,20.47118,-19.10817
2.7326,48.30222,20.44400,-19.23762
2.7454,48.64609,20.41590,-19.36703
2.7583,48.98993,20.38692,-19.49641
2.7713,49.33374,20.35705,-19.62575
2.7719,49.67755,20.32631,-19.75506
2.7842,50.02133,20.29470,-19.88433
2.7971,50.36508,20.26224,-20.01356
2.8100,50.70880,20.22893,-20.14277
2.8107,51.05252,20.19479,-20.27194
2.8231,51.39621,20.15982,-20.40107
2.8358,51.73987,20.12404,-20.53018
2.8486,52.08353,20.08745,-20.65925
2.8615,52.42715,20.05006,-20.78830
2.8621,52.77078,20.01189,-20.91731
2.8743,53.11438,19.97294,-21.04629
2.8870,53.45795,19.93322,-21.17524
2.8997,53.80151,19.89273,-21.30417
2.9003,54.14505,19.85149,-21.43306
2.9123,54.48859,19.80951,-21.56193
2.9251,54.83209,19.76680,-21.69076
2.9378,55.17560,19.72335,-21.81957
2.9505,55.51907,19.67919,-21.94835
2.9511,55.86255,19.63432,-22.07711
2.9635,56.20599,19.58874,-22.20583
2.9758,56.54944,19.54247,-22.33454
2.9887,56.89288,19.49552,-22.46322
3.0015,57.23636,19.44790,-22.59190
3.0021,57.57986,19.39960,-22.72056
3.0142,57.92340,19.35065,-22.84921
3.0267,58.26697,19.30106,-22.97785
3.0393,58.61057,19.25082,-23.10648
3.0400,58.95419,19.19994,-23.23511
3.0523,59.29782,19.14844,-23.36372
3.0645,59.64148,19.09631,-23.49232
3.0772,59.98517,19.04358,-23.62092
3.0903,60.32889,18.99024,-23.74951
3.0910,60.67264,18.93630,-23.87808
3.1030,61.01642,18.88177,-24.00665
3.1163,61.36023,18.82665,-24.13521
3.1287,61.70404,18.77095,-24.26376
3.1414,62.04788,18.71469,-24.39230
3.1420,62.39175,18.65785,-24.52083
3.1543,62.73563,18.60046,-24.64935
3.1671,63.07953,18.54251,-24.77785
3.1799,63.42343,18.48402,-24.90635
3.1806,63.76736,18.42499,-25.03483
3.1929,64.11130,18.36543,-25.16330
3.2057,64.45523,18.30533,-25.29176
3.2185,64.79919,18.24472,-25.42021
3.2313,65.14316,18.18359,-25.54864
3.2319,65.48712,18.12195,-25.67706
3.2440,65.83112,18.05981,-25.80547
3.2566,66.17511,17.99717,-25.93386
3.2693,66.51910,17.93403,-26.06224
3.2700,66.86310,17.87041,-26.19061
3.2820,67.20709,17.80632,-26.31896
3.2946,67.55109,17.74174,-26.44730
3.3072,67.89508,17.67670,-26.57562
3.3198,68.23907,17.61119,-26.70393
3.3204,68.58307,17.54522,-26.83222
3.3325,68.92706,17.47881,-26.96050
3.3451,69.27106,17.41194,-27.08877
3.3577,69.61505,17.34463,-27.21702
3.3703,69.95905,17.27688,-27.34525
3.3709,70.30304,17.20870,-27.47347
3.3829,70.64703,17.14009,-27.60168
3.3955,70.99100,17.07107,-27.72987
3.4080,71.33496,17.00162,-27.85804
3.4207,71.67892,16.93176,-27.98620
3.4214,72.02289,16.86150,-28.11434
3.4331,72.36685,16.79083,-28.24247
3.4457,72.71078,16.71977,-28.37058
3.4580,73.05472,16.64831,-28.49868
3.4704,73.39865,16.57647,-28.62676
3.4711,73.74258,16.50424,-28.75483
3.4830,74.08649,16.43163,-28.88288
3.4955,74.43039,16.35865,-29.01092
3.5079,74.77429,16.28529,-29.13894
3.5203,75.11816,16.21157,-29.26695
3.5210,75.46204,16.13750,-29.39494
3.5325,75.80591,16.06306,-29.52291
3.5445,76.14975,15.98827,-29.65087
3.5564,76.49359,15.91314,-29.77882
3.5684,76.83743,15.83766,-29.90675
3.5802,77.18124,15.76184,-30.03466
3.5809,77.52505,15.68568,-30.16256
3.5920,77.86884,15.60919,-30.29044
3.6039,78.21262,15.53238,-30.41831
3.6157,78.55640,15.45523,-30.54617
3.6274,78.90015,15.37777,-30.67401
3.6390,79.24387,15.30000,-30.80183
3.6510,79.58759,15.22191,-30.92964
3.6517,79.93127,15.14352,-31.05742
3.6622,80.27493,15.06482,-31.18519
3.6736,80.61856,14.98582,-31.31293
3.6850,80.96216,14.90652,-31.44066
3.6964,81.30576,14.82694,-31.56837
3.7078,81.64932,14.74706,-31.69607
3.7193,81.99286,14.66690,-31.82374
3.7200,82.33636,14.58646,-31.95140
3.7306,82.67987,14.50573,-32.07904
3.7417,83.02335,14.42474,-32.20666
3.7528,83.36679,14.34347,-32.33426
3.7639,83.71021,14.26192,-32.46185
3.7749,84.05362,14.18011,-32.58942
3.7861,84.39700,14.09803,-32.71697
3.7968,84.74039,14.01569,-32.84450
3.8078,85.08374,13.93310,-32.97202
3.8188,85.42706,13.85027,-33.09953
3.8295,85.77036,13.76720,-33.22701
3.8302,86.11353,13.68388,-33.35445
3.8405,86.45670,13.60038,-33.48190
3.8512,86.79919,13.51645,-33.60895
3.8622,87.14133,13.43230,-33.73589
3.8732,87.48312,13.34797,-33.86276
3.8840,87.82458,13.26361,-33.98967
3.8948,88.16577,13.17934,-34.11672
3.9061,88.50674,13.09530,-34.24399
3.9179,88.84741,13.01161,-34.37156
3.9291,89.18784,12.92847,-34.49959
3.9299,89.52826,12.84607,-34.62824
3.9403,89.86859,12.76456,-34.75758
3.9517,90.20886,12.68414,-34.88772
3.9632,90.54904,12.60495,-35.01872
3.9749,90.88910,12.52718,-35.15066
3.9866,91.22897,12.45099,-35.28360
3.9982,91.56866,12.37658,-35.41760
4.0102,91.90811,12.30413,-35.55273
4.0109,92.24728,12.23381,-35.68904
4.0218,92.58612,12.16582,-35.82659
4.0331,92.92459,12.10032,-35.96542
4.0444,93.26263,12.03753,-36.10558
4.0552,93.60022,11.97763,-36.24714
4.0664,93.93750,11.92089,-36.39025
4.0772,94.27435,11.86746,-36.53491
4.0879,94.61075,11.81755,-36.68117
4.0985,94.94652,11.77131,-36.82901
4.1093,95.28084,11.72826,-36.97782
4.1100,95.61435,11.68879,-37.12801
4.1196,95.94724,11.65300,-37.27972
4.1301,96.27943,11.62083,-37.43290
4.1407,96.61082,11.59216,-37.58743
4.1513,96.94139,11.56691,-37.74328
4.1620,97.27112,11.54501,-37.90042
4.1722,97.60002,11.52637,-38.05880
4.1829,97.92809,11.51093,-38.21839
4.1940,98.25529,11.49860,-38.37914
4.2046,98.58165,11.48932,-38.54104
4.2151,98.90717,11.48301,-38.70405
4.2256,99.23183,11.47961,-38.86814
4.2361,99.55563,11.47906,-39.03327
4.2464,99.87857,11.48130,-39.19942
4.2568,100.20065,11.48625,-39.36656
4.2673,100.52188,11.49386,-39.53467
4.2776,100.84225,11.50407,-39.70371
4.2879,101.16177,11.51683,-39.87367
4.2981,101.48044,11.53207,-40.04452
4.3083,101.79826,11.54976,-40.21622
4.3185,102.11523,11.56983,-40.38877
4.3285,102.43137,11.59223,-40.56214
4.3387,102.74664,11.61691,-40.73631
4.3486,103.06108,11.64383,-40.91126
4.3587,103.37471,11.67294,-41.08696
4.3688,103.68752,11.70417,-41.26339
4.3788,103.99951,11.73752,-41.44055
4.3888,104.31064,11.77295,-41.61842
4.3988,104.62093,11.81042,-41.79700
4.4087,104.93034,11.84992,-41.97628
4.4192,105.23889,11.89141,-42.15626
4.4281,105.54657,11.93488,-42.33691
4.4371,105.85336,11.98029,-42.51824
4.4463,106.15927,12.02760,-42.70023
4.4554,106.46431,12.07679,-42.88286
4.4646,106.76846,12.12784,-43.06611
4.4741,107.07173,12.18070,-43.24999
4.4831,107.37413,12.23536,-43.43448
4.4923,107.67567,12.29181,-43.61958
4.5014,107.97636,12.35004,-43.80528
4.5101,108.27621,12.41002,-43.99157
4.5280,108.57523,12.47173,-44.17846
4.5369,108.87341,12.53518,-44.36593
4.5457,109.17076,12.60032,-44.55399
4.5544,109.46730,12.66713,-44.74260
4.5632,109.76303,12.73559,-44.93177
4.5720,110.05794,12.80568,-45.12148
4.5808,110.35202,12.87737,-45.31172
4.5896,110.64529,12.95066,-45.50249
4.6071,110.93773,13.02550,-45.69377
4.6158,111.22937,13.10189,-45.88555
4.6245,111.52017,13.17983,-46.07782
4.6333,111.81017,13.25928,-46.27058
4.6425,112.09933,13.34024,-46.46383
4.6515,112.38768,13.42270,-46.65755
4.6607,112.67522,13.50663,-46.85173
4.6696,112.96193,13.59203,-47.04637
4.6860,113.24782,13.67887,-47.24146
4.6947,113.53287,13.76714,-47.43698
4.7034,113.81709,13.85682,-47.63294
4.7123,114.10049,13.94789,-47.82932
4.7204,114.38304,14.04034,-48.02611
4.7292,114.66476,14.13417,-48.22330
4.7455,114.94563,14.22935,-48.42090
4.7544,115.22565,14.32585,-48.61886
4.7633,115.50478,14.42364,-48.81717
4.7721,115.78305,14.52272,-49.01583
4.7799,116.06036,14.62297,-49.21477
4.7969,116.33675,14.72445,-49.41402
4.8050,116.61215,14.82717,-49.61359
4.8135,116.88649,14.93108,-49.81344
4.8218,117.15973,15.03630,-50.01365
4.8301,117.43179,15.14290,-50.21427
4.8466,117.70261,15.25095,-50.41533
4.8552,117.97208,15.36049,-50.61685
4.8638,118.24023,15.47171,-50.81901
4.8725,118.50697,15.58466,-51.02181
4.8812,118.77219,15.69944,-51.22532
4.8894,119.03577,15.81609,-51.42956
4.9066,119.29765,15.93467,-51.63454
4.9152,119.55772,16.05518,-51.84027
4.9238,119.81590,16.17769,-52.04677
4.9322,120.07213,16.30222,-52.25405
4.9398,120.32629,16.42881,-52.46211
4.9552,120.57834,16.55748,-52.67095
4.9635,120.82816,16.68824,-52.88057
4.9710,121.07568,16.82114,-53.09099
4.9792,121.32082,16.95622,-53.30221
4.9955,121.56351,17.09345,-53.51422
5.0039,121.80367,17.23288,-53.72703
5.0121,122.04118,17.37452,-53.94064
5.0199,122.27600,17.51838,-54.15503
5.0363,122.50803,17.66447,-54.37023
5.0447,122.73720,17.81282,-54.58622
5.0526,122.96339,17.96342,-54.80299
5.0609,123.18658,18.11627,-55.02055
5.0771,123.40665,18.27139,-55.23890
5.0853,123.62352,18.42878,-55.45802
5.0935,123.83711,18.58842,-55.67792
5.1017,124.04735,18.75034,-55.89858
5.1099,124.25415,18.91450,-56.12000
5.1265,124.45743,19.08090,-56.34216
5.1347,124.65712,19.24953,-56.56507
5.1431,124.85313,19.42036,-56.78871
5.1514,125.04539,19.59338,-57.01307
5.1597,125.23384,19.76858,-57.23813
5.1763,125.41838,19.94592,-57.46390
5.1846,125.59894,20.12537,-57.69034
5.1929,125.77545,20.30693,-57.91746
5.2012,125.94783,20.49055,-58.14524
5.2096,126.11600,20.67621,-58.37368
5.2259,126.27989,20.86389,-58.60274
5.2342,126.43945,21.05352,-58.83242
5.2422,126.59465,21.24505,-59.06269
5.2503,126.74544,21.43842,-59.29353
5.2665,126.89178,21.63358,-59.52492
5.2747,127.03368,21.83044,-59.75687
5.2829,127.17107,22.02896,-59.98936
5.2909,127.30392,22.22908,-60.22242
5.3069,127.43224,22.43072,-60.45604
5.3151,127.55598,22.63378,-60.69021
5.3232,127.67519,22.83821,-60.92497
5.3315,127.78981,23.04391,-61.16033
5.3393,127.89992,23.25078,-61.39627
5.3556,128.00551,23.45871,-61.63281
5.3637,128.10658,23.66763,-61.86998
5.3719,128.20317,23.87741,-62.10779
5.3801,128.29530,24.08795,-62.34626
5.3965,128.38298,24.29915,-62.58544
5.4050,128.46622,24.51092,-62.82541
5.4133,128.54503,24.72313,-63.06617
5.4218,128.61945,24.93567,-63.30780
5.4302,128.68947,25.14844,-63.55035
5.4474,128.75511,25.36132,-63.79387
5.4560,128.81642,25.57420,-64.03841
5.4646,128.87341,25.78695,-64.28400
5.4733,128.92615,25.99948,-64.53069
5.4820,128.97462,26.21165,-64.77851
5.4907,129.01894,26.42336,-65.02750
5.4992,129.05907,26.63448,-65.27769
5.5166,129.09511,26.84492,-65.52911
5.5252,129.12709,27.05455,-65.78179
5.5339,129.15501,27.26328,-66.03577
5.5426,129.17896,27.47102,-66.29110
5.5513,129.19897,27.67764,-66.54778
5.5600,129.21513,27.88306,-66.80583
5.5911,129.22751,28.08717,-67.06524
5.5919,129.23624,28.28985,-67.32597
5.5924,129.24133,28.49109,-67.58804
5.5998,129.24289,28.69087,-67.85143
5.6152,129.24117,28.88893,-68.11595
5.6230,129.23615,29.08535,-68.38169
5.6304,129.22787,29.28011,-68.64850
5.6418,129.21645,29.47321,-68.91635
5.6549,129.20192,29.66469,-69.18517
5.6628,129.18437,29.85455,-69.45493
5.6698,129.16388,30.04279,-69.72560
5.6849,129.14049,30.22944,-69.99713
5.6926,129.11427,30.41450,-70.26949
5.6999,129.08530,30.59798,-70.54268
5.7148,129.05354,30.77988,-70.81664
5.7222,129.01912,30.96023,-71.09137
5.7299,128.98209,31.13894,-71.36673
5.7448,128.94254,31.31604,-71.64269
5.7523,128.90054,31.49157,-71.91926
5.7597,128.85617,31.66558,-72.19641
5.7744,128.80949,31.83812,-72.47413
5.7817,128.76060,32.00922,-72.75242
5.7958,128.70959,32.17899,-73.03126
5.8029,128.65659,32.34747,-73.31063
5.8101,128.60167,32.51476,-73.59052
5.8237,128.54494,32.68095,-73.87089
5.8307,128.48648,32.84609,-74.15172
5.8447,128.42642,33.01028,-74.43300
5.8516,128.36481,33.17355,-74.71470
5.8657,128.30174,33.33600,-74.99679
5.8726,128.23734,33.49772,-75.27925
5.8796,128.17168,33.65881,-75.56204
5.8935,128.10487,33.81940,-75.84512
5.9004,128.03708,33.97932,-76.12826
5.9144,127.96840,34.13887,-76.41147
5.9212,127.89903,34.29797,-76.69453
5.9352,127.82916,34.45560,-76.97679
5.9422,127.75896,34.61346,-77.25878
5.9560,127.68871,34.77222,-77.54032
5.9629,127.61871,34.93253,-77.82128
5.9700,127.54933,35.09486,-78.10139
5.9838,127.48096,35.25964,-78.38027
5.9907,127.41405,35.42741,-78.65747
6.0046,127.34935,35.59682,-78.93136
6.0115,127.28700,35.76814,-79.20196
6.0254,127.22697,35.94294,-79.46993
6.0324,127.16916,36.12110,-79.73526
6.0393,127.11351,36.30258,-79.99803
6.0532,127.06000,36.48735,-80.25831
6.0602,127.00859,36.67543,-80.51614
6.0745,126.95926,36.86678,-80.77157
6.0815,126.91197,37.06136,-81.02463
6.0954,126.86671,37.25913,-81.27539
6.1023,126.82344,37.46007,-81.52386
6.1092,126.78214,37.66415,-81.77010
6.1232,126.74265,37.87074,-82.01408
6.1301,126.70505,38.08038,-82.25592
6.1440,126.66930,38.29294,-82.49563
6.1510,126.63536,38.50826,-82.73323
6.1648,126.60320,38.72629,-82.96875
6.1718,126.57277,38.94691,-83.20222
6.1856,126.54404,39.17004,-83.43366
6.1926,126.51698,39.39561,-83.66312
6.1995,126.49156,39.62353,-83.89060
6.2134,126.46774,39.85372,-84.11614
6.2204,126.44548,40.08606,-84.33976
6.2342,126.42473,40.32042,-84.56147
6.2412,126.40546,40.55665,-84.78129
6.2551,126.38762,40.79466,-84.99925
6.2620,126.37119,41.03438,-85.21537
6.2759,126.35614,41.27573,-85.42967
6.2828,126.34244,41.51863,-85.64216
6.2898,126.33006,41.76303,-85.85287
6.3039,126.31898,42.00888,-86.06181
6.3109,126.30919,42.25613,-86.26901
6.3248,126.30067,42.50481,-86.47449
6.3319,126.29344,42.75501,-86.67827
6.3462,126.28749,43.00677,-86.88038
6.3532,126.28281,43.26008,-87.08083
6.3602,126.27939,43.51494,-87.27964
6.3744,126.27722,43.77133,-87.47683
6.3813,126.27629,44.02925,-87.67241
6.3952,126.27658,44.28866,-87.86640
6.4023,126.27808,44.54952,-88.05882
6.4093,126.28076,44.81181,-88.24968
6.4234,126.28461,45.07549,-88.43900
6.4304,126.28961,45.34043,-88.62671
6.4443,126.29565,45.60609,-88.81278
6.4513,126.30281,45.87292,-88.99731
6.4651,126.31108,46.14091,-89.18030
6.4721,126.32042,46.41002,-89.36177
6.4790,126.33083,46.68021,-89.54173
6.4930,126.34227,46.95142,-89.72021
6.5000,126.35474,47.22358,-89.89723
6.5140,126.36819,47.49666,-90.07279
6.5210,126.38263,47.77062,-90.24693
6.5351,126.39804,48.04544,-90.41965
6.5420,126.41440,48.32110,-90.59098
6.5560,126.43169,48.59760,-90.76094
6.5629,126.44987,48.87496,-90.92953
6.5698,126.46896,49.15320,-91.09677
6.5838,126.48895,49.43228,-91.26268
6.5909,126.50984,49.71214,-91.42730
6.6049,126.53168,49.99270,-91.59066
6.6118,126.55386,50.27146,-91.75250
6.6259,126.57645,50.54848,-91.91295
6.6329,126.59908,50.82239,-92.07189
6.6400,126.62152,51.09232,-92.22924
6.6541,126.64380,51.35823,-92.38504
6.6610,126.66589,51.62030,-92.53933
6.6748,126.68785,51.87857,-92.69215
6.6817,126.70964,52.13311,-92.84353
6.6957,126.73131,52.38400,-92.99352
6.7026,126.75284,52.63136,-93.14214
6.7096,126.77431,52.87528,-93.28946
6.7235,126.79570,53.11587,-93.43550
6.7304,126.81705,53.35323,-93.58031
6.7443,126.83836,53.58745,-93.72391
6.7513,126.85970,53.81863,-93.86634
6.7651,126.88106,54.04686,-94.00765
6.7721,126.90245,54.27227,-94.14785
6.7790,126.92390,54.49491,-94.28698
6.7929,126.94548,54.71485,-94.42510
6.7999,126.96722,54.93217,-94.56226
6.8138,126.98921,55.14696,-94.69854
6.8207,127.01149,55.35932,-94.83398
6.8352,127.03413,55.56927,-94.96866
6.8431,127.05754,55.77639,-95.10289
6.8509,127.08147,55.98107,-95.23651
6.8663,127.10603,56.18330,-95.36955
6.8742,127.13112,56.38326,-95.50198
6.8825,127.15672,56.58100,-95.63382
6.8900,127.18285,56.77660,-95.76508
6.9053,127.20949,56.97009,-95.89578
6.9132,127.23665,57.16151,-96.02594
6.9221,127.26434,57.35088,-96.15555
6.9297,127.29256,57.53822,-96.28463
6.9459,127.32132,57.72357,-96.41321
6.9533,127.35062,57.90698,-96.54128
6.9612,127.38046,58.08848,-96.66887
6.9767,127.41086,58.26809,-96.79599
6.9968,127.44180,58.44585,-96.92266
6.9975,127.47331,58.62180,-97.04888
7.0038,127.50539,58.79596,-97.17468
7.0109,127.53802,58.96836,-97.30006
7.0259,127.57123,59.13903,-97.42503
7.0329,127.60501,59.30800,-97.54961
7.0401,127.63936,59.47530,-97.67381
7.0554,127.67429,59.64095,-97.79765
7.0631,127.70981,59.80498,-97.92112
7.0707,127.74591,59.96741,-98.04425
7.0862,127.78259,60.12829,-98.16704
7.0938,127.81987,60.28764,-98.28950
7.1016,127.85773,60.44547,-98.41164
7.1093,127.89616,60.60184,-98.53347
7.1248,127.93509,60.75695,-98.65487
7.1326,127.97458,60.91072,-98.77593
7.1405,128.01501,61.06390,-98.89681
7.1503,128.05612,61.21574,-99.01743
7.1593,128.09892,61.36758,-99.13838
7.1776,128.14261,61.51807,-99.25923
7.1869,128.18733,61.66705,-99.38020
7.1967,128.23320,61.81440,-99.50141
7.2064,128.28032,61.95989,-99.62298
7.2167,128.33078,62.10201,-99.74678
7.2266,128.38228,62.24158,-99.87083
7.2366,128.43488,62.37906,-99.99520
7.2466,128.48856,62.51455,-100.11988
7.2567,128.54387,62.64810,-100.24528
7.2667,128.60101,62.77973,-100.37152
7.2766,128.66225,62.90948,-100.50028
7.2866,128.72772,63.03722,-100.63160
7.2967,128.79997,63.16298,-100.76731
7.3065,128.87878,63.28671,-100.90725
7.3164,128.96399,63.40842,-101.05129
7.3263,129.05542,63.52810,-101.19930
7.3363,129.15291,63.64575,-101.35117
7.3464,129.25629,63.76138,-101.50676
7.3563,129.36537,63.87492,-101.66593
7.3662,129.48000,63.98640,-101.82854
7.3762,129.60001,64.09581,-101.99449
7.3862,129.72525,64.20315,-102.16366
7.3962,129.85558,64.30842,-102.33596
7.4062,129.99080,64.41157,-102.51120
7.4159,130.13078,64.51260,-102.68930
7.4260,130.27538,64.61153,-102.87014
7.4359,130.42445,64.70836,-103.05364
7.4462,130.57788,64.80308,-103.23969
7.4563,130.73553,64.89570,-103.42821
7.4665,130.89729,64.98623,-103.61911
7.4765,131.06303,65.07467,-103.81231
7.4866,131.23265,65.16103,-104.00771
7.4966,131.40602,65.24531,-104.20525
7.5072,131.58302,65.32751,-104.40482
7.5172,131.76355,65.40765,-104.60635
7.5273,131.94749,65.48573,-104.80978
7.5370,132.13477,65.56174,-105.01501
7.5469,132.32524,65.63571,-105.22198
7.5567,132.51884,65.70764,-105.43062
7.5666,132.71547,65.77753,-105.64086
7.5765,132.91502,65.84540,-105.85264
7.5863,133.11742,65.91124,-106.06589
7.5962,133.32256,65.97507,-106.28055
7.6060,133.53036,66.03690,-106.49655
7.6161,133.74075,66.09673,-106.71385
7.6258,133.95364,66.15458,-106.93238
7.6357,134.16896,66.21045,-107.15209
7.6460,134.38660,66.26434,-107.37290
7.6556,134.60648,66.31627,-107.59475
7.6654,134.82854,66.36623,-107.81760
7.6750,135.05270,66.41425,-108.04140
7.6847,135.27890,66.46034,-108.26611
7.6944,135.50708,66.50450,-108.49168
7.7042,135.73697,66.54675,-108.71792
7.7137,135.96690,66.58707,-108.94361
7.7237,136.19670,66.62550,-109.16864
7.7334,136.42470,66.66202,-109.39177
7.7431,136.65048,66.69666,-109.61274
7.7529,136.87407,66.72946,-109.83155
7.7625,137.09550,66.76044,-110.04826
7.7722,137.31482,66.78965,-110.26291
7.7817,137.53207,66.81710,-110.47553
7.7914,137.74730,66.84282,-110.68616
7.8011,137.96053,66.86684,-110.89485
7.8107,138.17181,66.88920,-111.10164
7.8203,138.38121,66.90990,-111.30656
7.8298,138.58875,66.92899,-111.50965
7.8395,138.79453,66.94648,-111.71102
7.8490,138.99854,66.96239,-111.91063
7.8681,139.20079,66.97676,-112.10853
7.8776,139.40131,66.98959,-112.30472
7.8871,139.60013,67.00092,-112.49924
7.8966,139.79727,67.01075,-112.69212
7.9062,139.99275,67.01912,-112.88337
7.9157,140.18660,67.02604,-113.07302
7.9253,140.37885,67.03152,-113.26110
7.9347,140.56952,67.03560,-113.44765
7.9442,140.75864,67.03828,-113.63267
7.9537,140.94623,67.03958,-113.81620
7.9633,141.13232,67.03952,-113.99827
7.9728,141.31694,67.03812,-114.17888
7.9823,141.50009,67.03539,-114.35807
7.9919,141.68182,67.03134,-114.53586
8.0016,141.86214,67.02600,-114.71226
8.0145,142.04106,67.01937,-114.88731
8.0275,142.21864,67.01147,-115.06103
8.0352,142.39484,67.00232,-115.23341
8.0444,142.56969,66.99192,-115.40447
8.0536,142.74321,66.98029,-115.57425
8.0626,142.91544,66.96745,-115.74275
8.0721,143.08638,66.95341,-115.91001
8.0816,143.25607,66.93817,-116.07604
8.0910,143.42453,66.92175,-116.24085
8.1006,143.59180,66.90417,-116.40450
8.1104,143.75781,66.88543,-116.56694
8.1196,143.92249,66.86554,-116.72811
8.1293,144.08589,66.84451,-116.88806
8.1483,144.24803,66.82236,-117.04680
8.1578,144.40887,66.79910,-117.20431
8.1674,144.56876,66.77473,-117.36084
8.1770,144.72763,66.74928,-117.51636
8.1868,144.88551,66.72273,-117.67089
8.1962,145.04242,66.69512,-117.82444
8.2058,145.19814,66.66644,-117.97687
8.2154,145.35260,66.63670,-118.12810
8.2248,145.50584,66.60591,-118.27820
8.2343,145.65790,66.57407,-118.42718
8.2438,145.80878,66.54121,-118.57504
8.2533,145.95851,66.50731,-118.72182
8.2629,146.10710,66.47240,-118.86752
8.2722,146.25455,66.43648,-119.01216
8.2815,146.40091,66.39956,-119.15576
8.2905,146.54620,66.36165,-119.29834
8.2996,146.69044,66.32275,-119.43992
8.3175,146.83365,66.28288,-119.58051
8.3263,146.97609,66.24203,-119.72032
8.3350,147.11777,66.20023,-119.85935
8.3437,147.25870,66.15748,-119.99761
8.3523,147.39888,66.11378,-120.13511
8.3611,147.53833,66.06914,-120.27186
8.3702,147.67706,66.02356,-120.40787
8.3869,147.81511,65.97706,-120.54316
8.3954,147.95247,65.92963,-120.67774
8.4035,148.09023,65.88131,-120.81241
8.4122,148.22795,65.83208,-120.94685
8.4199,148.36565,65.78197,-121.08107
8.4365,148.50331,65.73096,-121.21506
8.4448,148.64096,65.67908,-121.34882
8.4531,148.77858,65.62631,-121.48237
8.4613,148.91617,65.57267,-121.61570
8.4696,149.05373,65.51817,-121.74881
8.4859,149.19127,65.46280,-121.88171
8.4943,149.32878,65.40657,-122.01439
8.5023,149.46628,65.34949,-122.14686
8.5107,149.60376,65.29157,-122.27912
8.5272,149.74126,65.23276,-122.41111
8.5354,149.87915,65.17286,-122.54276
8.5438,150.01712,65.11205,-122.67413
8.5517,150.15720,65.05000,-122.80604
8.5599,150.29805,64.98705,-122.93814
8.5762,150.43896,64.92342,-123.07026
8.5839,150.57986,64.85922,-123.20259
8.5915,150.72066,64.79458,-123.33525
8.5991,150.86127,64.72958,-123.46837
8.6141,151.00160,64.66433,-123.60208
8.6216,151.14156,64.59895,-123.73652
8.6357,151.28091,64.53360,-123.87180
8.6442,151.41948,64.46838,-124.00802
8.6511,151.55711,64.40340,-124.14530
8.6663,151.69380,64.33869,-124.28373
8.6732,151.82932,64.27437,-124.42336
8.6804,151.96352,64.21049,-124.56423
8.6947,152.09625,64.14713,-124.70639
8.7024,152.22734,64.08435,-124.84987
8.7105,152.35663,64.02220,-124.99468
8.7285,152.48389,63.96073,-125.14081
8.7373,152.60817,63.89989,-125.28761
8.7458,152.73012,63.83968,-125.43547
8.7542,152.84988,63.78011,-125.58450
8.7626,152.96753,63.72118,-125.73470
8.7711,153.08310,63.66286,-125.88606
8.7796,153.19661,63.60515,-126.03855
8.7966,153.30807,63.54803,-126.19214
8.8052,153.41751,63.49150,-126.34681
8.8136,153.52495,63.43553,-126.50253
8.8220,153.63039,63.38012,-126.65928
8.8305,153.73386,63.32525,-126.81704
8.8475,153.83536,63.27091,-126.97579
8.8559,153.93492,63.21709,-127.13548
8.8643,154.03256,63.16378,-127.29612
8.8730,154.12830,63.11096,-127.45767
8.8812,154.22214,63.05862,-127.62012
8.8896,154.31412,63.00676,-127.78344
8.9063,154.40424,62.95535,-127.94761
8.9147,154.49200,62.90491,-128.11325
8.9231,154.57639,62.85644,-128.28158
8.9312,154.65710,62.81015,-128.45262
8.9392,154.73384,62.76637,-128.62677
8.9549,154.80646,62.72526,-128.80427
8.9627,154.87468,62.68707,-128.98542
8.9702,154.93846,62.65186,-129.17025
8.9841,154.99789,62.61955,-129.35864
8.9912,155.05289,62.59023,-129.55069
9.0049,155.10344,62.56387,-129.74631
9.0113,155.14951,62.54056,-129.94559
9.0245,155.19107,62.52029,-130.14855
9.0315,155.22803,62.50317,-130.35535
9.0456,155.26048,62.48914,-130.56587
9.0525,155.28835,62.47823,-130.78006
9.0595,155.31165,62.47043,-130.99790
9.0736,155.33043,62.46569,-131.21934
9.0804,155.34476,62.46397,-131.44432
9.0943,155.35468,62.46523,-131.67278
9.1013,155.36023,62.46941,-131.90468
9.1152,155.36150,62.47647,-132.13994
9.1221,155.35892,62.48628,-132.37834
9.1290,155.35219,62.49885,-132.61992
9.1431,155.34122,62.51400,-132.86455
9.1500,155.32700,62.53124,-133.11147
9.1642,155.30875,62.55062,-133.36094
9.1711,155.28792,62.57142,-133.61186
9.1851,155.26251,62.59377,-133.86489
9.1922,155.23160,62.61732,-134.11986
9.1992,155.19463,62.64162,-134.37645
9.2140,155.15114,62.66611,-134.63428
9.2220,155.10069,62.69028,-134.89294
9.2299,155.04306,62.71355,-135.15200
9.2464,154.97801,62.73536,-135.41115
9.2546,154.90535,62.75513,-135.66993
9.2630,154.82504,62.77227,-135.92796
9.2713,154.73708,62.78625,-136.18494
9.2798,154.64148,62.79650,-136.44053
9.2967,154.53836,62.80247,-136.69434
9.3047,154.42784,62.80363,-136.94603
9.3132,154.31021,62.79939,-137.19507
9.3223,154.18575,62.78926,-137.44112
9.3305,154.05473,62.77275,-137.68380
9.3479,153.91840,62.74957,-137.92248
9.3571,153.77640,62.71838,-138.15696
9.3656,153.62863,62.67972,-138.38748
9.3741,153.47537,62.63400,-138.61414
9.3827,153.31670,62.58133,-138.83701
9.3913,153.15276,62.52187,-139.05613
9.4001,152.98375,62.45581,-139.27158
9.4176,152.80984,62.38332,-139.48341
9.4263,152.63123,62.30457,-139.69168
9.4349,152.44812,62.21973,-139.89639
9.4438,152.26070,62.12897,-140.09762
9.4522,152.06909,62.03245,-140.29541
9.4609,151.87347,61.93031,-140.48985
9.4695,151.67398,61.82270,-140.68098
9.4869,151.47083,61.70978,-140.86882
9.4954,151.26414,61.59168,-141.05341
9.5042,151.05408,61.46856,-141.23482
9.5129,150.84076,61.34053,-141.41307
9.5212,150.62431,61.20773,-141.58824
9.5297,150.40488,61.07028,-141.76035
9.5466,150.18259,60.92831,-141.92948
9.5552,149.95753,60.78192,-142.09565
9.5638,149.72986,60.63124,-142.25893
9.5722,149.49965,60.47638,-142.41934
9.5809,149.26703,60.31744,-142.57694
9.5893,149.03209,60.15453,-142.73178
9.6063,148.79494,59.98775,-142.88389
9.6149,148.55568,59.81721,-143.03331
9.6233,148.31439,59.64299,-143.18009
9.6317,148.07118,59.46519,-143.32426
9.6403,147.82613,59.28391,-143.46588
9.6572,147.57932,59.09922,-143.60497
9.6654,147.33083,58.91122,-143.74157
9.6741,147.08075,58.71999,-143.87573
9.6824,146.82915,58.52562,-144.00747
9.6913,146.57611,58.32817,-144.13684
9.6994,146.32170,58.12773,-144.26387
9.7164,146.06598,57.92438,-144.38859
9.7249,145.80902,57.71818,-144.51104
9.7333,145.55104,57.50928,-144.63119
9.7417,145.29207,57.29776,-144.74908
9.7501,145.03218,57.08368,-144.86474
9.7664,144.77141,56.86710,-144.97822
9.7749,144.50980,56.64806,-145.08952
9.7829,144.24742,56.42666,-145.19871
9.7913,143.98433,56.20293,-145.30580
9.7995,143.72057,55.97696,-145.41084
9.8160,143.45619,55.74879,-145.51384
9.8244,143.19122,55.51847,-145.61485
9.8326,142.92570,55.28604,-145.71388
9.8407,142.65968,55.05157,-145.81098
9.8573,142.39320,54.81510,-145.90616
9.8652,142.12631,54.57671,-145.99947
9.8732,141.85904,54.33641,-146.09092
9.8814,141.59142,54.09427,-146.18055
9.8895,141.32347,53.85032,-146.26838
9.9059,141.05542,53.60471,-146.35451
9.9141,140.78729,53.35751,-146.43895
9.9239,140.51909,53.10873,-146.52171
9.9327,140.25146,52.85879,-146.60308
9.9414,139.98393,52.60749,-146.68281
9.9501,139.71657,52.35497,-146.76085
9.9674,139.44893,52.10105,-146.83700
9.9763,139.18103,51.84583,-146.91120
9.9850,138.91281,51.58945,-146.98330
9.9941,138.64421,51.33204,-147.05321
10.0028,138.37515,51.07375,-147.12079
10.0119,138.10550,50.81466,-147.18597
10.0213,137.83513,50.55489,-147.24863
10.0311,137.56393,50.29456,-147.30866
10.0408,137.29187,50.03387,-147.36596
10.0508,137.01880,49.77295,-147.42041
10.0613,136.74464,49.51199,-147.47189
10.0721,136.46928,49.25116,-147.52030
10.0835,136.19269,48.99066,-147.56553
10.0947,135.91473,48.73071,-147.60747
10.1071,135.63535,48.47151,-147.64602
10.1196,135.35443,48.21329,-147.68105
10.1203,135.07191,47.95628,-147.71248
10.1322,134.78772,47.70073,-147.74019
10.1445,134.50175,47.44690,-147.76410
10.1568,134.21396,47.19508,-147.78413
10.1692,133.92429,46.94553,-147.80020
10.1699,133.63271,46.69855,-147.81226
10.1811,133.33919,46.45444,-147.82025
10.1926,133.04355,46.21342,-147.82416
10.2042,132.74576,45.97582,-147.82395
10.2156,132.44585,45.74194,-147.81962
10.2273,132.14384,45.51210,-147.81119
10.2380,131.83974,45.28660,-147.79868
10.2490,131.53358,45.06573,-147.78216
10.2597,131.22545,44.84982,-147.76167
10.2604,130.91536,44.63915,-147.73731
10.2704,130.60339,44.43397,-147.70917
10.2811,130.28961,44.23456,-147.67737
10.3021,129.97411,44.04115,-147.64202
10.3028,129.65692,43.85399,-147.60324
10.3109,129.33813,43.67323,-147.56115
10.3207,129.01773,43.49934,-147.51585
10.3305,128.69603,43.33241,-147.46765
10.3405,128.37283,43.17246,-147.41643
10.3504,128.04817,43.01946,-147.36225
10.3605,127.72214,42.87330,-147.30518
10.3706,127.39478,42.73383,-147.24529
10.3807,127.06618,42.60092,-147.18263
10.3908,126.73637,42.47440,-147.11727
10.4007,126.40544,42.35416,-147.04926
10.4111,126.07344,42.24004,-146.97868
10.4209,125.74043,42.13190,-146.90560
10.4308,125.40648,42.02957,-146.83008
10.4407,125.07166,41.93292,-146.75220
10.4507,124.73601,41.84180,-146.67202
10.4605,124.39958,41.75608,-146.58960
10.4704,124.06244,41.67561,-146.50500
10.4805,123.72462,41.60027,-146.41828
10.4908,123.38618,41.52991,-146.32950
10.5004,123.04716,41.46442,-146.23872
10.5103,122.70802,41.40368,-146.14610
10.5204,122.36879,41.34757,-146.05169
10.5302,122.02950,41.29598,-145.95554
10.5401,121.69016,41.24880,-145.85769
10.5501,121.35080,41.20591,-145.75819
10.5600,121.01144,41.16721,-145.65708
10.5700,120.67212,41.13259,-145.55440
10.5799,120.33282,41.10197,-145.45020
10.5897,119.99361,41.07523,-145.34450
10.6025,119.65446,41.05230,-145.23736
10.6122,119.31543,41.03307,-145.12880
10.6218,118.97652,41.01747,-145.01887
10.6312,118.63774,41.00540,-144.90760
10.6411,118.29913,40.99677,-144.79502
10.6508,117.96069,40.99152,-144.68117
10.6606,117.62245,40.98955,-144.56608
10.6699,117.28442,40.99078,-144.44978
10.6796,116.94662,40.99516,-144.33231
10.6896,116.60907,41.00259,-144.21369
10.6996,116.27179,41.01301,-144.09395
10.7096,115.93478,41.02635,-143.97313
10.7198,115.59807,41.04254,-143.85124
10.7375,115.26166,41.06152,-143.72833
10.7474,114.92557,41.08321,-143.60441
10.7569,114.58981,41.10757,-143.47951
10.7661,114.25441,41.13453,-143.35365
10.7754,113.91937,41.16402,-143.22687
10.7846,113.58470,41.19600,-143.09918
10.7939,113.25041,41.23040,-142.97061
10.8033,112.91652,41.26717,-142.84118
10.8165,112.58302,41.30627,-142.71090
10.8296,112.24994,41.34763,-142.57982
10.8304,111.91728,41.39120,-142.44793
10.8463,111.58505,41.43694,-142.31527
10.8553,111.25327,41.48479,-142.18185
10.8643,110.92192,41.53473,-142.04770
10.8735,110.59103,41.58669,-141.91282
10.8831,110.26060,41.64064,-141.77725
10.8927,109.93065,41.69653,-141.64099
10.9022,109.60117,41.75432,-141.50406
10.9116,109.27217,41.81396,-141.36648
10.9211,108.94365,41.87543,-141.22827
10.9305,108.61562,41.93869,-141.08944
10.9401,108.28809,42.00368,-140.95000
10.9494,107.96104,42.07039,-140.80998
10.9684,107.63451,42.13876,-140.66938
10.9777,107.30849,42.20878,-140.52821
10.9872,106.98318,42.28032,-140.38660
10.9965,106.65858,42.35335,-140.24453
11.0057,106.33469,42.42785,-140.10203
11.0153,106.01149,42.50379,-139.95909
11.0248,105.68898,42.58115,-139.81572
11.0343,105.36716,42.65991,-139.67193
11.0438,105.04601,42.74004,-139.52774
11.0532,104.72552,42.82150,-139.38315
11.0625,104.40570,42.90429,-139.23816
11.0719,104.08653,42.98837,-139.09278
11.0813,103.76801,43.07373,-138.94702
11.0906,103.45012,43.16035,-138.80089
11.1000,103.13286,43.24819,-138.65439
11.1093,102.81624,43.33725,-138.50752
11.1281,102.50023,43.42750,-138.36031
11.1375,102.18483,43.51891,-138.21274
11.1467,101.87004,43.61147,-138.06484
11.1560,101.55586,43.70517,-137.91659
11.1653,101.24226,43.79997,-137.76802
11.1745,100.92926,43.89587,-137.61912
11.1838,100.61684,43.99284,-137.46990
11.1932,100.30499,44.09086,-137.32037
11.2026,99.99371,44.18992,-137.17053
11.2120,99.68312,44.28994,-137.02044
11.2214,99.37320,44.39091,-136.87010
11.2308,99.06393,44.49282,-136.71953
11.2401,98.75533,44.59565,-136.56872
11.2495,98.44736,44.69939,-136.41767
11.2682,98.14001,44.80402,-136.26638
11.2776,97.83328,44.90955,-136.11486
11.2870,97.52718,45.01591,-135.96313
11.2966,97.22169,45.12313,-135.81119
11.3060,96.91681,45.23119,-135.65902
11.3153,96.61250,45.34007,-135.50664
11.3265,96.30879,45.44975,-135.35403
11.3368,96.00566,45.56024,-135.20120
11.3472,95.70312,45.67149,-135.04817
11.3582,95.40118,45.78345,-134.89493
11.3678,95.09984,45.89613,-134.74148
11.3775,94.79915,46.00945,-134.58787
11.3875,94.49907,46.12340,-134.43404
11.3975,94.19957,46.23795,-134.27997
11.4078,93.90068,46.35304,-134.12567
11.4178,93.60236,46.46866,-133.97106
11.4280,93.30460,46.58472,-133.81614
11.4377,93.00735,46.70118,-133.66088
11.4474,92.71066,46.81795,-133.50525
11.4575,92.41458,46.93493,-133.34927
11.4676,92.11899,47.05209,-133.19286
11.4778,91.82388,47.16938,-133.03597
11.4883,91.52921,47.28671,-132.87856
11.4986,91.23495,47.40399,-132.72061
11.5088,90.94113,47.52118,-132.56205
11.5192,90.64761,47.63818,-132.40284
11.5200,90.35446,47.75491,-132.24295
11.5297,90.06158,47.87129,-132.08235
11.5402,89.76895,47.98722,-131.92100
11.5509,89.47659,48.10263,-131.75887
11.5615,89.18445,48.21742,-131.59595
11.5724,88.89249,48.33152,-131.43221
11.5831,88.60065,48.44483,-131.26762
11.5941,88.30902,48.55727,-131.10219
11.6050,88.01755,48.66875,-130.93589
11.6161,87.72614,48.77919,-130.76872
11.6270,87.43481,48.88850,-130.60067
11.6383,87.14355,48.99658,-130.43174
11.6495,86.85236,49.10338,-130.26193
11.6503,86.56113,49.20879,-130.09123
11.6611,86.26987,49.31274,-129.91963
11.6725,85.97855,49.41513,-129.74714
11.6841,85.68707,49.51588,-129.57378
11.6958,85.39551,49.61490,-129.39956
11.7077,85.10376,49.71210,-129.22448
11.7196,84.81183,49.80737,-129.04857
11.7204,84.51968,49.90063,-128.87184
11.7313,84.22723,49.99180,-128.69428
11.7434,83.93445,50.08080,-128.51594
11.7555,83.64133,50.16755,-128.33680
11.7676,83.34793,50.25195,-128.15694
11.7804,83.05420,50.33393,-127.97642
11.7812,82.76016,50.41344,-127.79527
11.7933,82.46564,50.49039,-127.61348
11.8061,82.17087,50.56472,-127.43122
11.8193,81.87573,50.63637,-127.24849
11.8201,81.58035,50.70528,-127.06542
11.8323,81.28445,50.77136,-126.88193
11.8454,80.98810,50.83453,-126.69813
11.8588,80.69135,50.89474,-126.51413
11.8721,80.39410,50.95189,-126.32997
11.8729,80.09628,51.00588,-126.14570
11.8853,79.79779,51.05663,-125.96139
11.8985,79.49869,51.10402,-125.77715
11.9117,79.19894,51.14798,-125.59306
11.9125,78.89847,51.18840,-125.40920
11.9249,78.59729,51.22517,-125.22566
11.9383,78.29541,51.25821,-125.04255
11.9508,77.99286,51.28742,-124.85998
11.9515,77.68967,51.31272,-124.67806
11.9633,77.38583,51.33399,-124.49686
11.9756,77.08124,51.35118,-124.31645
11.9876,76.77591,51.36423,-124.13689
11.9996,76.46994,51.37308,-123.95830
12.0003,76.16345,51.37767,-123.78081
12.0114,75.85645,51.37791,-123.60448
12.0231,75.54892,51.37373,-123.42940
12.0351,75.24094,51.36506,-123.25567
12.0469,74.93271,51.35187,-123.08339
12.0587,74.62424,51.33411,-122.91263
12.0705,74.31564,51.31174,-122.74349
12.0713,74.00699,51.28471,-122.57600
12.0825,73.69830,51.25293,-122.41024
12.0947,73.38971,51.21638,-122.24627
12.1066,73.08133,51.17502,-122.08415
12.1186,72.77332,51.12891,-121.92392
12.1307,72.46588,51.07812,-121.76563
12.1315,72.15912,51.02266,-121.60930
12.1432,71.85303,50.96245,-121.45495
12.1556,71.54776,50.89751,-121.30260
12.1681,71.24350,50.82788,-121.15229
12.1805,70.94040,50.75353,-121.00405
12.1813,70.63849,50.67462,-120.85775
12.1935,70.33765,50.59126,-120.71333
12.2064,70.03812,50.50353,-120.57083
12.2191,69.73993,50.41157,-120.43018
12.2199,69.44299,50.31550,-120.29138
12.2319,69.14719,50.21539,-120.15431
12.2447,68.85251,50.11134,-120.01895
12.2575,68.55896,50.00345,-119.88527
12.2707,68.26657,49.89178,-119.75326
12.2716,67.97531,49.77641,-119.62288
12.2835,67.68518,49.65740,-119.49412
12.2963,67.39618,49.53478,-119.36695
12.3090,67.10828,49.40856,-119.24138
12.3217,66.82147,49.27879,-119.11738
12.3224,66.53574,49.14548,-118.99495
12.3345,66.25107,49.00871,-118.87406
12.3470,65.96747,48.86851,-118.75468
12.3596,65.68491,48.72492,-118.63680
12.3605,65.40335,48.57801,-118.52039
12.3723,65.12283,48.42783,-118.40544
12.3847,64.84329,48.27443,-118.29189
12.3971,64.56473,48.11786,-118.17975
12.4094,64.28726,47.95821,-118.06902
12.4104,64.01083,47.79552,-117.95969
12.4218,63.73547,47.62984,-117.85174
12.4340,63.46112,47.46122,-117.74513
12.4456,63.18774,47.28963,-117.63986
12.4575,62.91531,47.11503,-117.53591
12.4695,62.64377,46.93745,-117.43328
12.4703,62.37314,46.75690,-117.33195
12.4816,62.10339,46.57346,-117.23190
12.4932,61.83450,46.38710,-117.13312
12.5050,61.56647,46.19784,-117.03560
12.5165,61.29929,46.00569,-116.93933
12.5281,61.03302,45.81069,-116.84436
12.5397,60.76758,45.61272,-116.75067
12.5404,60.50290,45.41173,-116.65826
12.5512,60.23901,45.20779,-116.56712
12.5626,59.97580,45.00077,-116.47724
12.5745,59.71320,44.79063,-116.38861
12.5854,59.45114,44.57727,-116.30123
12.5968,59.18991,44.36113,-116.21489
12.6083,58.92899,44.14146,-116.12977
12.6197,58.66916,43.91917,-116.04559
12.6204,58.40982,43.69381,-115.96271
12.6314,58.15076,43.46530,-115.88132
12.6427,57.89203,43.23385,-115.80153
12.6542,57.63382,42.99980,-115.72333
12.6655,57.37622,42.76341,-115.64672
12.6770,57.12030,42.52568,-115.57103
12.6884,56.86444,42.28565,-115.49740
12.6996,56.60818,42.04337,-115.42657
12.7008,56.35129,41.79910,-115.35916
12.7107,56.09354,41.55314,-115.29568
12.7212,55.83456,41.30576,-115.23678
12.7314,55.57416,41.05744,-115.18304
12.7414,55.31247,40.80877,-115.13493
12.7510,55.04910,40.56008,-115.09296
12.7604,54.78412,40.31205,-115.05760
12.7697,54.51736,40.06527,-115.02950
12.7867,54.24945,39.82046,-115.00847
12.7950,53.97995,39.57835,-114.99555
12.8024,53.70914,39.33972,-114.99110
12.8098,53.43726,39.10513,-114.99548
12.8233,53.16461,38.87521,-115.00890
12.8299,52.89157,38.65063,-115.03155
12.8442,52.61874,38.43200,-115.06359
12.8512,52.34686,38.22000,-115.10499
12.8651,52.07675,38.01511,-115.15573
12.8720,51.80936,37.81796,-115.21557
12.8863,51.54483,37.62828,-115.28451
12.8933,51.28400,37.44514,-115.36110
12.9003,51.02640,37.26920,-115.44661
12.9143,50.77197,37.10041,-115.54086
12.9212,50.52060,36.93858,-115.64365
12.9353,50.27228,36.78355,-115.75476
12.9422,50.02692,36.63516,-115.87402
12.9492,49.78448,36.49326,-116.00122
12.9637,49.54492,36.35767,-116.13613
12.9705,49.30820,36.22828,-116.27856
12.9844,49.07431,36.10490,-116.42829
12.9913,48.84320,35.98740,-116.58510
13.0054,48.61487,35.87561,-116.74878
13.0125,48.38928,35.76939,-116.91913
13.0194,48.16641,35.66860,-117.09592
13.0336,47.94626,35.57308,-117.27895
13.0405,47.72876,35.48270,-117.46800
13.0548,47.51395,35.39728,-117.66284
13.0618,47.30179,35.31671,-117.86330
13.0756,47.09225,35.24085,-118.06915
13.0826,46.88538,35.16956,-118.28019
13.0895,46.68112,35.10272,-118.49624
13.1034,46.47949,35.04020,-118.71706
13.1110,46.28046,34.98187,-118.94253
13.1243,46.08401,34.92762,-119.17242
13.1313,45.89017,34.87732,-119.40659
13.1451,45.69885,34.83086,-119.64489
13.1521,45.51004,34.78812,-119.88719
13.1660,45.32367,34.74902,-120.13335
13.1729,45.13974,34.71342,-120.38325
13.1799,44.95822,34.68124,-120.63675
13.1938,44.77905,34.65237,-120.89373
13.2007,44.60223,34.62672,-121.15406
13.2152,44.42770,34.60417,-121.41763
13.2216,44.25549,34.58441,-121.68409
13.2357,44.08548,34.56746,-121.95343
13.2427,43.91760,34.55274,-122.22506
13.2496,43.75186,34.54076,-122.49933
13.2640,43.58823,34.53146,-122.77603
13.2710,43.42682,34.52412,-123.05438
13.2851,43.26746,34.51939,-123.33472
13.2920,43.11011,34.51718,-123.61665
13.3059,42.95465,34.51781,-123.90012
13.3130,42.80096,34.52158,-124.18491
13.3197,42.64893,34.52876,-124.47081
13.3342,42.49835,34.53967,-124.75755
13.3411,42.34909,34.55463,-125.04481
13.3550,42.20087,34.57415,-125.33233
13.3621,42.05325,34.59864,-125.62003
13.3759,41.90610,34.62836,-125.90748
13.3828,41.75909,34.66356,-126.19421
13.3897,41.61200,34.70443,-126.47977
13.4041,41.46454,34.75114,-126.76365
13.4112,41.31650,34.80382,-127.04537
13.4250,41.16757,34.86254,-127.32439
13.4320,41.01746,34.92735,-127.60018
13.4459,40.86588,34.99824,-127.87220
13.4528,40.71255,35.07513,-128.13990
13.4598,40.55716,35.15790,-128.40273
13.4751,40.39948,35.24636,-128.66015
13.4840,40.23877,35.34016,-128.91115
13.4928,40.07639,35.43681,-129.15606
13.5017,39.91116,35.53859,-129.39482
13.5107,39.74338,35.64528,-129.62741
13.5198,39.57315,35.75667,-129.85399
13.5381,39.40063,35.87254,-130.07473
13.5469,39.22595,35.99259,-130.28982
13.5563,39.04922,36.11664,-130.49940
13.5654,38.87057,36.24449,-130.70363
13.5747,38.69009,36.37589,-130.90267
13.5836,38.50790,36.51068,-131.09665
13.5931,38.32410,36.64870,-131.28571
13.6023,38.13873,36.78979,-131.46996
13.6114,37.95190,36.93384,-131.64950
13.6220,37.76367,37.08070,-131.82443
13.6324,37.57422,37.23016,-131.99474
13.6403,37.38358,37.38212,-132.16054
13.6580,37.19177,37.53649,-132.32194
13.6668,36.99887,37.69318,-132.47903
13.6753,36.80490,37.85213,-132.63189
13.6840,36.60992,38.01324,-132.78060
13.6927,36.41394,38.17645,-132.92522
13.7014,36.21695,38.34178,-133.06580
13.7099,36.01898,38.50922,-133.20237
13.7270,35.81998,38.67879,-133.33496
13.7351,35.61987,38.85064,-133.46354
13.7436,35.41867,39.02476,-133.58815
13.7515,35.21637,39.20115,-133.70880
13.7596,35.01297,39.37980,-133.82556
13.7757,34.80850,39.56063,-133.93849
13.7833,34.60291,39.74371,-134.04760
13.7910,34.39624,39.92898,-134.15295
13.8067,34.18851,40.11640,-134.25459
13.8142,33.97971,40.30597,-134.35257
13.8220,33.76987,40.49764,-134.44692
13.8295,33.55902,40.69137,-134.53771
13.8445,33.34717,40.88710,-134.62498
13.8522,33.13443,41.08471,-134.70876
13.8594,32.92078,41.28419,-134.78907
13.8744,32.70624,41.48553,-134.86595
13.8816,32.49084,41.68867,-134.93946
13.8963,32.27490,41.89304,-135.00989
13.9034,32.05814,42.09911,-135.07707
13.9107,31.84061,42.30678,-135.14106
13.9272,31.62238,42.51595,-135.20192
13.9354,31.40350,42.72651,-135.25976
13.9437,31.18402,42.93837,-135.31461
13.9519,30.96399,43.15147,-135.36656
13.9599,30.74344,43.36573,-135.41566
13.9763,30.52237,43.58109,-135.46196
13.9840,30.30084,43.79749,-135.50552
13.9923,30.07889,44.01486,-135.54639
14.0001,29.85654,44.23316,-135.58463
14.0195,29.63382,44.45234,-135.62027
14.0201,29.41077,44.67234,-135.65338
14.0351,29.18738,44.89314,-135.68398
14.0431,28.96368,45.11465,-135.71213
14.0508,28.73972,45.33685,-135.73788
14.0699,28.51550,45.55970,-135.76126
14.0703,28.29105,45.78317,-135.78232
14.0949,28.06644,46.00712,-135.80107
14.0955,27.84171,46.23151,-135.81756
14.1028,27.61688,46.45631,-135.83182
14.1108,27.39197,46.68153,-135.84389
14.1266,27.16693,46.90713,-135.85380
14.1346,26.94180,47.13314,-135.86156
14.1428,26.71655,47.35956,-135.86720
14.1511,26.49118,47.58640,-135.87072
14.1596,26.26569,47.81368,-135.87215
14.1763,26.04004,48.04141,-135.87151
14.1847,25.81424,48.26961,-135.86879
14.1931,25.58829,48.49826,-135.86404
14.2015,25.36218,48.72736,-135.85727
14.2100,25.13593,48.95690,-135.84851
14.2270,24.90955,49.18687,-135.83779
14.2354,24.68301,49.41724,-135.82513
14.2438,24.45636,49.64801,-135.81055
14.2523,24.22958,49.87916,-135.79409
14.2607,24.00272,50.11066,-135.77577
14.2772,23.77573,50.34251,-135.75562
14.3301,23.54865,50.57469,-135.73367
14.3384,23.32147,50.80717,-135.70994
14.3398,23.09424,51.03996,-135.68445
14.3410,22.86691,51.27301,-135.65723
14.3437,22.63953,51.50632,-135.62830
14.3760,22.41211,51.73988,-135.59770
14.3761,22.18466,51.97369,-135.56547
14.3761,21.95712,52.20772,-135.53160
14.3762,21.72958,52.44195,-135.49611
14.3937,21.50198,52.67634,-135.45902
14.3956,21.27441,52.91085,-135.42043
14.3971,21.04684,53.14548,-135.38026
14.4476,20.81921,53.38021,-135.33851
14.4538,20.59161,53.61488,-135.29529
14.4551,20.36398,53.84953,-135.25050
14.4563,20.13626,54.08414,-135.20412
14.4577,19.90848,54.31864,-135.15615
14.4674,19.68057,54.55300,-135.10657
14.4681,19.45270,54.78703,-135.05550
14.4760,19.22473,55.02079,-135.00284
14.4845,18.99664,55.25421,-134.94859
14.4928,18.76846,55.48726,-134.89270
14.5012,18.54007,55.71989,-134.83516
14.5096,18.31149,55.95205,-134.77591
14.5271,18.08270,56.18368,-134.71494
14.5358,17.85364,56.41471,-134.65220
14.5448,17.62430,56.64509,-134.58766
14.5541,17.39462,56.87475,-134.52124
14.5628,17.16461,57.10361,-134.45292
14.5721,16.93423,57.33163,-134.38265
14.5815,16.70346,57.55872,-134.31037
14.5907,16.47226,57.78483,-134.23604
14.6001,16.24063,58.00987,-134.15959
14.6100,16.00851,58.23379,-134.08099
14.6199,15.77594,58.45651,-134.00018
14.6299,15.54285,58.67799,-133.91714
14.6401,15.30927,58.89814,-133.83180
14.6504,15.07520,59.11693,-133.74413
14.6607,14.84058,59.33430,-133.65410
14.6715,14.60547,59.55019,-133.56168
14.6816,14.36981,59.76456,-133.46682
14.6923,14.13370,59.97735,-133.36950
14.7029,13.89706,60.18852,-133.26970
14.7140,13.65994,60.39805,-133.16740
14.7234,13.42233,60.60587,-133.06255
14.7332,13.18427,60.81197,-132.95514
14.7424,12.94595,61.01608,-132.84529
14.7523,12.70706,61.21850,-132.73277
14.7621,12.46765,61.41927,-132.61763
14.7723,12.22772,61.61843,-132.49989
14.7826,11.98724,61.81599,-132.37960
14.7925,11.74625,62.01198,-132.25677
14.8029,11.50473,62.20641,-132.13145
14.8132,11.26273,62.39928,-132.00367
14.8234,11.02023,62.59061,-131.87348
14.8335,10.77725,62.78043,-131.74091
14.8438,10.53381,62.96872,-131.60600
14.8540,10.28992,63.15550,-131.46880
14.8644,10.04559,63.34079,-131.32934
14.8744,9.80087,63.52458,-131.18765
14.8845,9.55576,63.70689,-131.04379
14.8948,9.31024,63.88773,-130.89779
14.9050,9.06436,64.06711,-130.74969
14.9152,8.81815,64.24502,-130.59952
14.9254,8.57159,64.42148,-130.44732
14.9358,8.32471,64.59650,-130.29313
14.9462,8.07751,64.77008,-130.13698
14.9563,7.83005,64.94224,-129.97890
14.9664,7.58228,65.11298,-129.81893
14.9767,7.33423,65.28231,-129.65709
14.9869,7.08591,65.45025,-129.49340
15.0074,6.83734,65.61681,-129.32789
15.0081,6.58853,65.78199,-129.16060
15.0163,6.33948,65.94581,-128.99154
15.0257,6.09018,66.10827,-128.82075
15.0351,5.84067,66.26938,-128.64824
15.0451,5.59094,66.42915,-128.47407
15.0551,5.34100,66.58759,-128.29824
15.0651,5.09088,66.74471,-128.12079
15.0750,4.84067,66.90044,-127.94187
15.0852,4.59058,67.05469,-127.76169
15.0952,4.34079,67.20731,-127.58057
15.1053,4.09293,67.35720,-127.40048
15.1152,3.84760,67.50400,-127.22219
15.1253,3.60480,67.64771,-127.04574
15.1354,3.36444,67.78841,-126.87107
15.1454,3.12650,67.92616,-126.69816
15.1554,2.89093,68.06101,-126.52697
15.1653,2.65768,68.19302,-126.35746
15.1755,2.42670,68.32225,-126.18958
15.1854,2.19791,68.44875,-126.02332
15.1954,1.97128,68.57256,-125.85863
15.2054,1.74680,68.69375,-125.69549
15.2154,1.52438,68.81235,-125.53385
15.2254,1.30399,68.92841,-125.37369
15.2351,1.08557,69.04199,-125.21497
15.2452,0.86908,69.15314,-125.05762
15.2550,0.65445,69.26192,-124.90160
15.2651,0.44147,69.36848,-124.74676
15.2750,0.22986,69.47305,-124.59289
15.2849,0.01981,69.57552,-124.44012
15.2949,-0.18872,69.67588,-124.28840
15.3050,-0.39566,69.77413,-124.13777
15.3152,-0.60104,69.87032,-123.98818
15.3264,-0.80490,69.96445,-123.83961
15.3381,-1.00726,70.05655,-123.69202
15.3494,-1.20819,70.14668,-123.54534
15.3499,-1.40765,70.23486,-123.39952
15.3613,-1.60574,70.32112,-123.25450
15.3730,-1.80246,70.40549,-123.11024
15.3846,-1.99783,70.48802,-122.96667
15.3965,-2.19186,70.56870,-122.82377
15.4079,-2.38467,70.64758,-122.68147
15.4197,-2.57623,70.72469,-122.53974
15.4201,-2.76666,70.80010,-122.39848
15.4314,-2.95590,70.87383,-122.25762
15.4434,-3.14407,70.94591,-122.11708
15.4557,-3.33112,71.01636,-121.97678
15.4679,-3.51700,71.08518,-121.83661
15.4804,-3.70178,71.15243,-121.69645
15.4809,-3.88535,71.21809,-121.55619
15.4930,-4.06772,71.28216,-121.41573
15.5062,-4.24829,71.34444,-121.27336
15.5190,-4.42746,71.40501,-121.13073
15.5319,-4.60535,71.46396,-120.98787
15.5324,-4.78201,71.52133,-120.84475
15.5450,-4.95746,71.57715,-120.70139
15.5586,-5.13171,71.63142,-120.55777
15.5716,-5.30481,71.68416,-120.41390
15.5723,-5.47675,71.73539,-120.26977
15.5848,-5.64752,71.78513,-120.12539
15.5982,-5.81717,71.83338,-119.98074
15.6110,-5.98569,71.88014,-119.83604
15.6115,-6.15323,71.92567,-119.68920
15.6242,-6.31958,71.96967,-119.54260
15.6375,-6.48517,72.01279,-119.39100
15.6506,-6.64954,72.05437,-119.23966
15.6512,-6.81277,72.09448,-119.08849
15.6638,-6.97491,72.13315,-118.93745
15.6764,-7.13599,72.17039,-118.78653
15.6888,-7.29599,72.20619,-118.63594
15.7010,-7.45496,72.24059,-118.48551
15.7015,-7.61285,72.27358,-118.33534
15.7124,-7.76971,72.30518,-118.18541
15.7239,-7.92554,72.33539,-118.03569
15.7348,-8.08035,72.36423,-117.88616
15.7456,-8.23422,72.39176,-117.73671
15.7566,-8.38718,72.41798,-117.58735
15.7667,-8.53922,72.44289,-117.43806
15.7768,-8.69034,72.46651,-117.28877
15.7865,-8.84055,72.48887,-117.13944
15.7964,-8.98987,72.50999,-116.98977
15.8061,-9.13834,72.52991,-116.83977
15.8157,-9.28595,72.54861,-116.68945
15.8256,-9.43271,72.56611,-116.53880
15.8352,-9.57861,72.58241,-116.38783
15.8452,-9.72366,72.59753,-116.23654
15.8546,-9.86789,72.61148,-116.08494
15.8645,-10.01126,72.62425,-115.93301
15.8741,-10.15381,72.63586,-115.78078
15.8839,-10.29556,72.64632,-115.62824
15.8936,-10.43649,72.65564,-115.47539
15.9033,-10.57660,72.66382,-115.32223
15.9131,-10.71591,72.67087,-115.16877
15.9228,-10.85443,72.67680,-115.01501
15.9323,-10.99216,72.68160,-114.86096
15.9423,-11.12909,72.68530,-114.70661
15.9520,-11.26526,72.68790,-114.55196
15.9615,-11.40063,72.68941,-114.39703
15.9712,-11.53525,72.68984,-114.24181
15.9807,-11.66910,72.68919,-114.08630
15.9904,-11.80219,72.68746,-113.93050
16.0001,-11.93454,72.68468,-113.77441
16.0098,-12.06616,72.68083,-113.61804
16.0194,-12.19702,72.67594,-113.46139
16.0293,-12.32715,72.67001,-113.30445
16.0484,-12.45657,72.66303,-113.14724
16.0586,-12.58527,72.65503,-112.98975
16.0679,-12.71323,72.64600,-112.83197
16.0774,-12.84048,72.63596,-112.67392
16.0874,-12.96704,72.62492,-112.51560
16.0969,-13.09296,72.61295,-112.35630
16.1065,-13.21823,72.60008,-112.19582
16.1163,-13.34302,72.58659,-112.03200
16.1260,-13.46744,72.57271,-111.86259
16.1356,-13.59140,72.55843,-111.68777
16.1453,-13.71503,72.54391,-111.50636
16.1550,-13.83823,72.52909,-111.31863
16.1645,-13.96097,72.51396,-111.12484
16.1740,-14.08322,72.49849,-110.92521
16.1837,-14.20499,72.48266,-110.71998
16.1934,-14.32623,72.46644,-110.50933
16.2029,-14.44693,72.44982,-110.29344
16.2125,-14.56711,72.43279,-110.07250
16.2223,-14.68671,72.41531,-109.84664
16.2320,-14.80573,72.39740,-109.61600
16.2415,-14.92416,72.37903,-109.38071
16.2514,-15.04202,72.36019,-109.14091
16.2612,-15.15927,72.34087,-108.89669
16.2711,-15.27591,72.32106,-108.64827
16.2811,-15.39194,72.30075,-108.39568
16.2909,-15.50732,72.27994,-108.13906
16.3008,-15.62207,72.25861,-107.87854
16.3197,-15.73618,72.23674,-107.61424
16.3201,-15.84961,72.21433,-107.34633
16.3291,-15.96237,72.19138,-107.07484
16.3392,-16.07446,72.16788,-106.79997
16.3491,-16.18588,72.14381,-106.52179
16.3688,-16.29663,72.11916,-106.24043
16.3788,-16.40668,72.09394,-105.95600
16.3885,-16.51605,72.06813,-105.66860
16.3984,-16.62473,72.04173,-105.37835
16.4084,-16.73270,72.01473,-105.08533
16.4185,-16.83997,71.98713,-104.78965
16.4284,-16.94650,71.95892,-104.49141
16.4378,-17.05234,71.93009,-104.19070
16.4476,-17.15747,71.90065,-103.88761
16.4573,-17.26187,71.87059,-103.58221
16.4671,-17.36557,71.83990,-103.27461
16.4770,-17.46854,71.80859,-102.96487
16.4864,-17.57080,71.77666,-102.65308
16.4962,-17.67233,71.74409,-102.33930
16.5056,-17.77316,71.71090,-102.02362
16.5154,-17.87326,71.67707,-101.70610
16.5249,-17.97266,71.64261,-101.38680
16.5346,-18.07132,71.60751,-101.06580
16.5443,-18.16928,71.57178,-100.74316
16.5539,-18.26654,71.53542,-100.41893
16.5634,-18.36307,71.49844,-100.09316
16.5730,-18.45889,71.46082,-99.76591
16.5824,-18.55402,71.42257,-99.43723
16.5921,-18.64844,71.38369,-99.10717
16.6016,-18.74216,71.34418,-98.77578
16.6112,-18.83521,71.30405,-98.44310
16.6214,-18.92755,71.26331,-98.10919
16.6314,-19.01920,71.22194,-97.77407
16.6414,-19.11017,71.17995,-97.43779
16.6515,-19.20047,71.13736,-97.10038
16.6614,-19.29007,71.09415,-96.76190
16.6719,-19.37900,71.05032,-96.42241
16.6820,-19.46725,71.00590,-96.08191
16.6919,-19.55484,70.96086,-95.74052
16.7015,-19.64178,70.91522,-95.39817
16.7114,-19.72806,70.86899,-95.05492
16.7213,-19.81366,70.82215,-94.71091
16.7310,-19.89862,70.77472,-94.36612
16.7410,-19.98294,70.72670,-94.02058
16.7505,-20.06662,70.67809,-93.67431
16.7601,-20.14966,70.62890,-93.32736
16.7700,-20.23206,70.57912,-92.97974
16.7798,-20.31384,70.52877,-92.63152
16.7895,-20.39487,70.47761,-92.28474
16.8086,-20.47501,70.42538,-91.94164
16.8186,-20.55426,70.37212,-91.60202
16.8283,-20.63266,70.31782,-91.26611
16.8381,-20.71021,70.26248,-90.93384
16.8477,-20.78693,70.20613,-90.60512
16.8575,-20.86282,70.14878,-90.27990
16.8670,-20.93793,70.09045,-89.95810
16.8769,-21.01224,70.03117,-89.63965
16.8863,-21.08578,69.97093,-89.32442
16.8961,-21.15866,69.90987,-89.01147
16.9059,-21.23080,69.84790,-88.70160
16.9155,-21.30222,69.78503,-88.39479
16.9254,-21.37292,69.72126,-88.09102
16.9349,-21.44293,69.65660,-87.79029
16.9446,-21.51224,69.59107,-87.49247
16.9545,-21.58087,69.52468,-87.19757
16.9643,-21.64883,69.45744,-86.90551
16.9741,-21.71616,69.38937,-86.61626
16.9841,-21.78284,69.32047,-86.32973
16.9935,-21.84888,69.25075,-86.04590
17.0035,-21.91431,69.18021,-85.76476
17.0133,-21.97913,69.10889,-85.48622
17.0230,-22.04333,69.03677,-85.21026
17.0329,-22.10696,68.96387,-84.93682
17.0430,-22.17001,68.89021,-84.66586
17.0526,-22.23248,68.81578,-84.39733
17.0625,-22.29440,68.74060,-84.13124
17.0724,-22.35574,68.66467,-83.86752
17.0822,-22.41656,68.58801,-83.60614
17.0918,-22.47684,68.51060,-83.34706
17.1020,-22.53659,68.43249,-83.09024
17.1114,-22.59583,68.35366,-82.83560
17.1215,-22.65454,68.27415,-82.58298
17.1314,-22.71277,68.19395,-82.33239
17.1413,-22.77051,68.11306,-82.08385
17.1511,-22.82779,68.03154,-81.83692
17.1606,-22.88455,67.94933,-81.59157
17.1705,-22.94089,67.86650,-81.34776
17.1802,-22.99677,67.78304,-81.10545
17.1898,-23.05219,67.69897,-80.86460
17.1995,-23.10715,67.61430,-80.62517
17.2091,-23.16156,67.52883,-80.38641
17.2292,-23.21548,67.44270,-80.14897
17.2297,-23.26880,67.35571,-79.91015
17.2481,-23.32175,67.26821,-79.67191
17.2575,-23.37445,67.18034,-79.43436
17.2665,-23.42700,67.09224,-79.19767
17.2757,-23.47952,67.00407,-78.96173
17.2840,-23.53220,66.91603,-78.72650
17.2924,-23.58514,66.82829,-78.49193
17.3009,-23.63855,66.74102,-78.25785
17.3166,-23.69254,66.65443,-78.02427
17.3242,-23.74731,66.56872,-77.79126
17.3306,-23.80304,66.48410,-77.55886
17.3441,-23.85992,66.40076,-77.32717
17.3505,-23.91812,66.31891,-77.09633
17.3644,-23.97781,66.23873,-76.86737
17.3713,-24.03909,66.16010,-76.64015
17.3852,-24.10187,66.08296,-76.41419
17.3922,-24.16608,66.00731,-76.18933
17.3991,-24.23172,65.93312,-75.96553
17.4130,-24.29874,65.86038,-75.74277
17.4200,-24.36716,65.78905,-75.52100
17.4341,-24.43695,65.71912,-75.30022
17.4411,-24.50809,65.65055,-75.08042
17.4551,-24.58057,65.58334,-74.86160
17.4621,-24.65436,65.51745,-74.64376
17.4691,-24.72946,65.45287,-74.42688
17.4831,-24.80585,65.38959,-74.21098
17.4901,-24.88348,65.32757,-73.99604
17.5042,-24.96246,65.26691,-73.78204
17.5112,-25.04285,65.20770,-73.56898
17.5252,-25.12479,65.15015,-73.35683
17.5322,-25.20990,65.09632,-73.14534
17.5392,-25.29968,65.04829,-72.93458
17.5533,-25.39395,65.00592,-72.72475
17.5604,-25.49280,64.96933,-72.51584
17.5744,-25.59610,64.93840,-72.30788
17.5814,-25.70367,64.91290,-72.10089
17.5954,-25.81537,64.89265,-71.89491
17.6024,-25.93103,64.87745,-71.68994
17.6093,-26.05051,64.86713,-71.48601
17.6233,-26.17371,64.86156,-71.28313
17.6302,-26.30048,64.86060,-71.08136
17.6442,-26.43073,64.86410,-70.88067
17.6515,-26.56436,64.87193,-70.68107
17.6655,-26.70129,64.88399,-70.48252
17.6725,-26.84143,64.90015,-70.28502
17.6795,-26.98474,64.92032,-70.08856
17.6936,-27.13110,64.94439,-69.89313
17.7006,-27.28033,64.97220,-69.69890
17.7146,-27.43234,65.00365,-69.50585
17.7216,-27.58701,65.03857,-69.31399
17.7356,-27.74414,65.07674,-69.12329
17.7426,-27.90366,65.11797,-68.93376
17.7495,-28.06546,65.16215,-68.74536
17.7634,-28.22940,65.20912,-68.55814
17.7703,-28.39542,65.25876,-68.37204
17.7844,-28.56345,65.31100,-68.18706
17.7913,-28.73343,65.36571,-68.00320
17.8054,-28.90524,65.42278,-67.82046
17.8124,-29.07870,65.48198,-67.63884
17.8194,-29.25394,65.54343,-67.45832
17.8332,-29.43109,65.60735,-67.27886
17.8402,-29.61160,65.67557,-67.10027
17.8542,-29.79538,65.74798,-66.92262
17.8612,-29.98224,65.82439,-66.74592
17.8753,-30.17215,65.90476,-66.57018
17.8822,-30.36502,65.98895,-66.39540
17.8892,-30.56076,66.07688,-66.22158
17.9031,-30.75931,66.16843,-66.04873
17.9100,-30.96054,66.26348,-65.87685
17.9240,-31.16440,66.36194,-65.70594
17.9310,-31.37079,66.46368,-65.53602
17.9450,-31.57962,66.56862,-65.36708
17.9520,-31.79083,66.67664,-65.19913
17.9659,-32.00421,66.78757,-65.03227
17.9728,-32.21973,66.90132,-64.86649
17.9798,-32.43726,67.01779,-64.70180
17.9937,-32.65677,67.13690,-64.53820
18.0006,-32.87817,67.25857,-64.37567
18.0146,-33.10144,67.38271,-64.21423
18.0215,-33.32648,67.50924,-64.05387
18.0354,-33.55325,67.63808,-63.89459
18.0424,-33.78168,67.76918,-63.73638
18.0493,-34.01169,67.90241,-63.57925
18.0632,-34.24326,68.03775,-63.42319
18.0701,-34.47632,68.17503,-63.26822
18.0841,-34.71078,68.31420,-63.11433
18.0911,-34.94638,68.45467,-62.96168
18.1051,-35.18311,68.59675,-62.81009
18.1121,-35.42081,68.74036,-62.65952
18.1190,-35.65884,68.88414,-62.51038
18.1329,-35.89746,69.02924,-62.36206
18.1399,-36.13638,69.17569,-62.21441
18.1538,-36.37540,69.32381,-62.06711
18.1607,-36.61411,69.47363,-61.91997
18.1747,-36.85229,69.62555,-61.77257
18.1816,-37.08954,69.77954,-61.62471
18.1955,-37.32544,69.93580,-61.47607
18.2025,-37.55951,70.09439,-61.32634
18.2094,-37.79120,70.25550,-61.17515
18.2233,-38.01999,70.41914,-61.02216
18.2303,-38.24530,70.58549,-60.86693
18.2441,-38.46631,70.75456,-60.70908
18.2511,-38.68253,70.92646,-60.54811
18.2649,-38.89352,71.10083,-60.38397
18.2719,-39.09857,71.27758,-60.21633
18.2859,-39.29727,71.45638,-60.04508
18.2929,-39.48911,71.63694,-59.87007
18.2998,-39.67377,71.81894,-59.69122
18.3137,-39.85092,72.00204,-59.50846
18.3206,-40.02023,72.18586,-59.32175
18.3349,-40.18155,72.37002,-59.13117
18.3426,-40.33490,72.55411,-58.93685
18.3510,-40.48007,72.73772,-58.73874
18.3597,-40.61673,72.92039,-58.53680
18.3780,-40.74463,73.10161,-58.33097
18.3872,-40.86331,73.28080,-58.12118
18.3968,-40.97260,73.45737,-57.90746
18.4067,-41.07242,73.63070,-57.68989
18.4174,-41.16260,73.80019,-57.46857
18.4262,-41.24316,73.96534,-57.24354
18.4361,-41.31418,74.12552,-57.01500
18.4464,-41.37543,74.27927,-56.78328
18.4564,-41.42728,74.42679,-56.54838
18.4665,-41.46988,74.56843,-56.31040
18.4770,-41.50351,74.70422,-56.06960
18.4867,-41.52841,74.83432,-55.82612
18.4967,-41.54483,74.95884,-55.58012
18.5068,-41.55307,75.07789,-55.33174
18.5168,-41.55341,75.19160,-55.08112
18.5269,-41.54605,75.30008,-54.82836
18.5370,-41.53131,75.40346,-54.57361
18.5471,-41.50940,75.50184,-54.31696
18.5572,-41.48050,75.59534,-54.05850
18.5673,-41.44485,75.68406,-53.79833
18.5776,-41.40271,75.76799,-53.53674
18.5881,-41.35422,75.84724,-53.27379
18.5980,-41.29959,75.92189,-53.00957
18.6085,-41.23898,75.99205,-52.74413
18.6189,-41.17258,76.05781,-52.47756
18.6292,-41.10052,76.11924,-52.20990
18.6296,-41.02301,76.17644,-51.94124
18.6399,-40.94019,76.22947,-51.67164
18.6502,-40.85220,76.27842,-51.40117
18.6606,-40.75922,76.32336,-51.12989
18.6711,-40.66138,76.36436,-50.85788
18.6819,-40.55884,76.40149,-50.58520
18.6922,-40.45172,76.43482,-50.31192
18.7029,-40.34018,76.46442,-50.03811
18.7139,-40.22437,76.49037,-49.76380
18.7244,-40.10437,76.51273,-49.48907
18.7353,-39.98035,76.53155,-49.21397
18.7463,-39.85242,76.54687,-48.93857
18.7574,-39.72058,76.55871,-48.66295
18.7687,-39.58499,76.56704,-48.38721
18.7797,-39.44565,76.57189,-48.11144
18.7801,-39.30261,76.57321,-47.83574
18.7910,-39.15601,76.57095,-47.56022
18.8025,-39.00583,76.56512,-47.28500
18.8139,-38.85211,76.55567,-47.01012
18.8255,-38.69495,76.54259,-46.73569
18.8373,-38.53546,76.52645,-46.46185
18.8490,-38.37280,76.50672,-46.18865
18.8612,-38.20770,76.48371,-45.91639
18.8617,-38.03885,76.45654,-45.64542
18.8736,-37.86578,76.42471,-45.37642
18.8859,-37.68823,76.38794,-45.11006
18.8989,-37.50613,76.34594,-44.84702
18.9129,-37.31921,76.29850,-44.58781
18.9134,-37.12747,76.24541,-44.33316
18.9267,-36.93091,76.18652,-44.08379
18.9404,-36.72961,76.12168,-43.84045
18.9409,-36.52371,76.05084,-43.60389
18.9540,-36.31323,75.97396,-43.37466
18.9671,-36.09845,75.89104,-43.15352
18.9805,-35.87964,75.80219,-42.94120
18.9810,-35.65723,75.70749,-42.73842
18.9930,-35.43167,75.60719,-42.54587
19.0053,-35.20352,75.50156,-42.36427
19.0170,-34.97369,75.39112,-42.19447
19.0288,-34.74310,75.27650,-42.03701
19.0402,-34.51181,75.15775,-41.89166
19.0407,-34.27982,75.03489,-41.75808
19.0511,-34.04706,74.90798,-41.63586
19.0626,-33.81345,74.77711,-41.52464
19.0729,-33.57910,74.64238,-41.42412
19.0838,-33.34412,74.50393,-41.33402
19.0944,-33.10861,74.36189,-41.25408
19.1049,-32.87268,74.21637,-41.18403
19.1158,-32.63641,74.06749,-41.12361
19.1261,-32.39990,73.91534,-41.07260
19.1366,-32.16318,73.76003,-41.03077
19.1470,-31.92627,73.60159,-40.99801
19.1575,-31.68924,73.44010,-40.97411
19.1675,-31.45224,73.27579,-40.95851
19.1782,-31.21518,73.10855,-40.95144
19.1880,-30.97809,72.93848,-40.95267
19.1983,-30.74121,72.76586,-40.96140
19.2088,-30.50443,72.59063,-40.97776
19.2188,-30.26804,72.41314,-41.00083
19.2294,-30.03201,72.23342,-41.03044
19.2299,-29.79663,72.05170,-41.06627
19.2399,-29.56192,71.86804,-41.10817
19.2508,-29.32794,71.68255,-41.15580
19.2617,-29.09470,71.49529,-41.20892
19.2725,-28.86224,71.30634,-41.26732
19.2838,-28.63062,71.11578,-41.33076
19.2949,-28.39981,70.92366,-41.39908
19.3063,-28.16986,70.73003,-41.47214
19.3177,-27.94073,70.53489,-41.54989
19.3296,-27.71246,70.33826,-41.63227
19.3300,-27.48495,70.14012,-41.71939
19.3413,-27.25827,69.94051,-41.81110
19.3530,-27.03238,69.73943,-41.90739
19.3650,-26.80725,69.53685,-42.00832
19.3773,-26.58292,69.33280,-42.11383
19.3895,-26.35931,69.12727,-42.22396
19.3900,-26.13644,68.92027,-42.33867
19.4024,-25.91434,68.71185,-42.45782
19.4145,-25.69296,68.50200,-42.58140
19.4268,-25.47235,68.29076,-42.70932
19.4392,-25.25250,68.07815,-42.84150
19.4397,-25.03336,67.86420,-42.97780
19.4520,-24.81503,67.64896,-43.11813
19.4642,-24.59747,67.43246,-43.26245
19.4771,-24.38074,67.21474,-43.41064
19.4893,-24.16492,66.99588,-43.56255
19.4899,-23.95001,66.77591,-43.71810
19.5022,-23.73615,66.55484,-43.87734
19.5145,-23.52341,66.33270,-44.04022
19.5270,-23.31186,66.10954,-44.20669
19.5396,-23.10162,65.88537,-44.37671
19.5400,-22.89276,65.66022,-44.55028
19.5528,-22.68542,65.43412,-44.72735
19.5655,-22.47971,65.20709,-44.90792
19.5780,-22.27567,64.97918,-45.09194
19.5906,-22.07346,64.75038,-45.27939
19.5911,-21.87314,64.52075,-45.47024
19.6029,-21.67487,64.29030,-45.66446
19.6153,-21.47870,64.05904,-45.86202
19.6279,-21.28482,63.82702,-46.06293
19.6401,-21.09323,63.59425,-46.26713
19.6406,-20.90411,63.36076,-46.47460
19.6522,-20.71753,63.12658,-46.68530
19.6644,-20.53360,62.89175,-46.89921
19.6766,-20.35242,62.65627,-47.11628
19.6889,-20.17410,62.42019,-47.33649
19.7008,-19.99875,62.18354,-47.55979
19.7013,-19.82645,61.94633,-47.78615
19.7130,-19.65729,61.70861,-48.01553
19.7251,-19.49136,61.47039,-48.24788
19.7371,-19.32883,61.23170,-48.48316
19.7493,-19.16971,60.99258,-48.72130
19.7501,-19.01413,60.75305,-48.96227
19.7617,-18.86221,60.51315,-49.20605
19.7744,-18.71408,60.27290,-49.45258
19.7866,-18.56976,60.03236,-49.70178
19.7988,-18.42938,59.79155,-49.95353
19.8109,-18.29300,59.55052,-50.20777
19.8115,-18.16083,59.30930,-50.46451
19.8228,-18.03311,59.06794,-50.72376
19.8350,-17.90994,58.82650,-50.98545
19.8466,-17.79150,58.58503,-51.24951
19.8582,-17.67801,58.34359,-51.51589
19.8698,-17.56970,58.10225,-51.78457
19.8703,-17.46689,57.86108,-52.05553
19.8816,-17.36966,57.62014,-52.32863
19.8936,-17.27823,57.37952,-52.60380
19.9048,-17.19284,57.13930,-52.88094
19.9250,-17.11365,56.89952,-53.15996
19.9256,-17.04089,56.66006,-53.44112
19.9358,-16.97449,56.42097,-53.72424
19.9470,-16.91400,56.18246,-54.00844
19.9581,-16.85986,55.94440,-54.29430
19.9695,-16.81207,55.70690,-54.58157
19.9700,-16.77054,55.46997,-54.87003
19.9810,-16.73514,55.23362,-55.15965
19.9924,-16.70578,54.99786,-55.45027
20.0038,-16.68231,54.76275,-55.74162
20.0154,-16.66446,54.52824,-56.03370
20.0271,-16.65204,54.29431,-56.32642
20.0388,-16.64487,54.06118,-56.61933
20.0506,-16.64270,53.82883,-56.91236
20.0512,-16.64542,53.59724,-57.20547
20.0624,-16.65286,53.36639,-57.49865
20.0744,-16.66492,53.13626,-57.79185
20.0866,-16.68143,52.90680,-58.08501
20.0981,-16.70227,52.67796,-58.37798
20.1101,-16.72726,52.44975,-58.67085
20.1106,-16.75626,52.22222,-58.96365
20.1220,-16.78912,51.99537,-59.25647
20.1339,-16.82571,51.76923,-59.54928
20.1462,-16.86588,51.54382,-59.84213
20.1580,-16.90945,51.31923,-60.13504
20.1700,-16.95627,51.09547,-60.42808
20.1706,-17.00623,50.87260,-60.72130
20.1823,-17.05905,50.65065,-61.01477
20.1947,-17.11472,50.42966,-61.30854
20.2068,-17.17297,50.20969,-61.60268
20.2195,-17.23370,49.99078,-61.89723
20.2201,-17.29681,49.77299,-62.19230
20.2317,-17.36218,49.55640,-62.48791
20.2439,-17.42963,49.34103,-62.78418
20.2561,-17.49911,49.12695,-63.08124
20.2686,-17.57059,48.91422,-63.37925
20.2803,-17.64392,48.70291,-63.67828
20.2808,-17.71909,48.49307,-63.97847
20.2923,-17.79593,48.28476,-64.27982
20.3041,-17.87439,48.07803,-64.58243
20.3163,-17.95438,47.87295,-64.88643
20.3279,-18.03580,47.66960,-65.19186
20.3397,-18.11856,47.46803,-65.49878
20.3403,-18.20261,47.26830,-65.80726
20.3519,-18.28787,47.07044,-66.11728
20.3633,-18.37415,46.87460,-66.42862
20.3749,-18.46112,46.68084,-66.74089
20.3867,-18.54907,46.48911,-67.05454
20.3979,-18.63797,46.29939,-67.36951
20.4092,-18.72781,46.11163,-67.68576
20.4100,-18.81860,45.92582,-68.00325
20.4209,-18.91028,45.74191,-68.32194
20.4325,-19.00287,45.55985,-68.64177
20.4438,-19.09631,45.37964,-68.96273
20.4550,-19.19061,45.20123,-69.28476
20.4666,-19.28574,45.02458,-69.60782
20.4779,-19.38165,44.84967,-69.93188
20.4892,-19.47836,44.67647,-70.25691
20.4899,-19.57584,44.50494,-70.58286
20.5005,-19.67404,44.33507,-70.90970
20.5118,-19.77298,44.16681,-71.23739
20.5230,-19.87262,44.00014,-71.56591
20.5343,-19.97296,43.83504,-71.89522
20.5452,-20.07397,43.67148,-72.22532
20.5566,-20.17566,43.50943,-72.55616
20.5673,-20.27802,43.34887,-72.88773
20.5782,-20.38101,43.18977,-73.22001
20.5893,-20.48462,43.03211,-73.55296
20.5899,-20.58884,42.87589,-73.88658
20.6002,-20.69360,42.72106,-74.22085
20.6110,-20.79889,42.56763,-74.55577
20.6220,-20.90466,42.41557,-74.89131
20.6328,-21.01089,42.26488,-75.22747
20.6437,-21.11752,42.11553,-75.56422
20.6546,-21.22455,41.96752,-75.90156
20.6652,-21.33188,41.82083,-76.23949
20.6761,-21.43954,41.67545,-76.57795
20.6868,-21.54742,41.53138,-76.91698
20.6979,-21.65555,41.38860,-77.25656
20.7085,-21.76385,41.24709,-77.59667
20.7194,-21.87225,41.10686,-77.93732
20.7199,-21.98077,40.96791,-78.27850
20.7299,-22.08936,40.83022,-78.62021
20.7408,-22.19797,40.69378,-78.96241
20.7512,-22.30655,40.55858,-79.30512
20.7618,-22.41507,40.42462,-79.64833
20.7726,-22.52350,40.29189,-79.99202
20.7832,-22.63184,40.16039,-80.33619
20.7938,-22.73999,40.03009,-80.68084
20.8045,-22.84796,39.90102,-81.02596
20.8152,-22.95566,39.77317,-81.37155
20.8262,-23.06311,39.64653,-81.71762
20.8369,-23.17023,39.52109,-82.06414
20.8474,-23.27701,39.39686,-82.41112
20.8583,-23.38336,39.27383,-82.75855
20.8689,-23.48932,39.15199,-83.10642
20.8797,-23.59485,39.03132,-83.45488
20.8802,-23.69995,38.91182,-83.80393
20.8906,-23.80457,38.79347,-84.15354
20.9009,-23.90863,38.67630,-84.50371
20.9119,-24.01218,38.56029,-84.85442
20.9225,-24.11511,38.44543,-85.20567
20.9319,-24.21741,38.33173,-85.55745
20.9414,-24.31906,38.21917,-85.90973
20.9508,-24.42001,38.10777,-86.26252
20.9605,-24.52020,37.99753,-86.61581
20.9700,-24.61966,37.88844,-86.96958
20.9799,-24.71832,37.78049,-87.32382
20.9897,-24.81616,37.67368,-87.67852
20.9996,-24.91315,37.56799,-88.03362
21.0095,-25.00925,37.46343,-88.38914
21.0286,-25.10440,37.36001,-88.74508
21.0380,-25.19861,37.25772,-89.10142
21.0479,-25.29181,37.15658,-89.45817
21.0573,-25.38394,37.05659,-89.81535
21.0673,-25.47498,36.95776,-90.17295
21.0769,-25.56485,36.86010,-90.53097
21.0865,-25.65353,36.76363,-90.88944
21.0960,-25.74100,36.66833,-91.24834
21.1059,-25.82715,36.57424,-91.60767
21.1155,-25.91199,36.48135,-91.96746
21.1249,-25.99542,36.38966,-92.32769
21.1352,-26.07745,36.29919,-92.68838
21.1451,-26.15802,36.20994,-93.04948
21.1553,-26.23706,36.12193,-93.41100
21.1654,-26.31454,36.03515,-93.77293
21.1756,-26.39044,35.94961,-94.13529
21.1858,-26.46466,35.86532,-94.49807
21.1959,-26.53723,35.78229,-94.86128
21.2062,-26.60803,35.70052,-95.22492
21.2165,-26.67706,35.62002,-95.58898
21.2269,-26.74429,35.54078,-95.95346
21.2372,-26.80963,35.46281,-96.31836
21.2478,-26.87308,35.38614,-96.68368
21.2580,-26.93457,35.31075,-97.04940
21.2685,-26.99411,35.23664,-97.41553
21.2789,-27.05161,35.16383,-97.78206
21.2895,-27.10703,35.09231,-98.14897
21.2900,-27.16034,35.02209,-98.51626
21.2999,-27.21152,34.95318,-98.88392
21.3107,-27.26050,34.88557,-99.25193
21.3214,-27.30725,34.81927,-99.62029
21.3320,-27.35178,34.75427,-99.98897
21.3427,-27.39395,34.69059,-100.35797
21.3533,-27.43378,34.62822,-100.72726
21.3639,-27.47125,34.56716,-101.09683
21.3747,-27.50632,34.50743,-101.46667
21.3855,-27.53891,34.44901,-101.83676
21.3963,-27.56903,34.39191,-102.20707
21.4069,-27.59662,34.33612,-102.57758
21.4178,-27.62161,34.28165,-102.94829
21.4285,-27.64407,34.22851,-103.31916
21.4395,-27.66391,34.17668,-103.69017
21.4400,-27.68103,34.12617,-104.06129
21.4499,-27.69550,34.07697,-104.43252
21.4607,-27.70721,34.02908,-104.80381
21.4717,-27.71622,33.98251,-105.17514
21.4822,-27.72238,33.93726,-105.54649
21.4929,-27.72577,33.89330,-105.91784
21.5040,-27.72629,33.85065,-106.28914
21.5149,-27.72391,33.80931,-106.66038
21.5258,-27.71863,33.76927,-107.03153
21.5369,-27.71045,33.73052,-107.40255
21.5494,-27.69928,33.69307,-107.77342
21.5499,-27.68512,33.65691,-108.14410
21.5616,-27.66797,33.62202,-108.51457
21.5737,-27.64777,33.58842,-108.88479
21.5857,-27.62451,33.55608,-109.25472
21.5976,-27.59814,33.52502,-109.62434
21.6094,-27.56870,33.49522,-109.99361
21.6100,-27.53610,33.46667,-110.36249
21.6211,-27.50037,33.43937,-110.73096
21.6329,-27.46143,33.41331,-111.09896
21.6445,-27.41931,33.38850,-111.46647
21.6562,-27.37399,33.36491,-111.83345
21.6678,-27.32541,33.34254,-112.19986
21.6797,-27.27353,33.32139,-112.56565
21.6803,-27.21841,33.30145,-112.93080
21.6915,-27.15997,33.28272,-113.29527
21.7033,-27.09818,33.26520,-113.65900
21.7270,-27.03305,33.24887,-114.02196
21.7275,-26.96454,33.23373,-114.38411
21.7361,-26.89261,33.21976,-114.74540
21.7467,-26.81732,33.20698,-115.10579
21.7581,-26.73856,33.19535,-115.46524
21.7699,-26.65634,33.18488,-115.82369
21.7705,-26.57065,33.17557,-116.18110
21.7817,-26.48148,33.16740,-116.53743
21.7934,-26.38879,33.16035,-116.89263
21.8056,-26.29257,33.15445,-117.24664
21.8171,-26.19281,33.14966,-117.59943
21.8289,-26.08951,33.14597,-117.95094
21.8409,-25.98260,33.14338,-118.30112
21.8415,-25.87216,33.14188,-118.64993
21.8527,-25.75809,33.14146,-118.99731
21.8648,-25.64041,33.14210,-119.34321
21.8768,-25.51913,33.14378,-119.68759
21.8889,-25.39423,33.14652,-120.03039
21.9009,-25.26569,33.15028,-120.37156
21.9023,-25.13351,33.15505,-120.71106
21.9130,-24.99771,33.16081,-121.04882
21.9249,-24.85825,33.16756,-121.38479
21.9369,-24.71518,33.17529,-121.71894
21.9491,-24.56845,33.18398,-122.05119
21.9496,-24.41806,33.19360,-122.38152
21.9613,-24.26404,33.20415,-122.70985
21.9736,-24.10638,33.21561,-123.03613
21.9858,-23.94510,33.22797,-123.36033
21.9981,-23.78018,33.24120,-123.68238
22.0105,-23.61163,33.25529,-124.00223
22.0110,-23.43945,33.27023,-124.31983
22.0229,-23.26367,33.28598,-124.63514
22.0357,-23.08432,33.30255,-124.94809
22.0485,-22.90137,33.31990,-125.25864
22.0614,-22.71481,33.33802,-125.56672
22.0620,-22.52472,33.35690,-125.87231
22.0741,-22.33102,33.37650,-126.17534
22.0868,-22.13385,33.39682,-126.47576
22.0997,-21.93314,33.41782,-126.77351
22.1003,-21.72891,33.43951,-127.06856
22.1127,-21.52121,33.46183,-127.36084
22.1257,-21.31003,33.48479,-127.65031
22.1387,-21.09540,33.50837,-127.93692
22.1518,-20.87735,33.53252,-128.22062
22.1523,-20.65591,33.55725,-128.50137
22.1647,-20.43109,33.58252,-128.77910
22.1777,-20.20288,33.60831,-129.05378
22.1909,-19.97137,33.63461,-129.32535
22.1914,-19.73654,33.66138,-129.59377
22.2037,-19.49844,33.68861,-129.85900
22.2166,-19.25711,33.71627,-130.12097
22.2300,-19.01254,33.74434,-130.37966
22.2306,-18.76477,33.77280,-130.63501
22.2430,-18.51389,33.80161,-130.88698
22.2563,-18.25989,33.83076,-131.13551
22.2696,-18.00275,33.86023,-131.38058
22.2701,-17.74255,33.88998,-131.62213
22.2829,-17.47934,33.92001,-131.86012
22.2964,-17.21317,33.95028,-132.09451
22.3102,-16.94403,33.98077,-132.32526
22.3107,-16.67200,34.01146,-132.55232
22.3234,-16.39706,34.04231,-132.77566
22.3352,-16.11932,34.07332,-132.99522
22.3471,-15.83878,34.10443,-133.21099
22.3596,-15.55548,34.13564,-133.42292
22.3602,-15.26947,34.16692,-133.63096
22.3724,-14.98080,34.19825,-133.83509
22.3851,-14.68954,34.22959,-134.03527
22.3979,-14.39566,34.26093,-134.23145
22.4110,-14.09930,34.29222,-134.42362
22.4117,-13.80042,34.32346,-134.61172
22.4238,-13.49911,34.35462,-134.79573
22.4369,-13.19540,34.38567,-134.97561
22.4498,-12.88934,34.41659,-135.15134
22.4505,-12.58099,34.44734,-135.32287
22.4630,-12.27036,34.47791,-135.49019
22.4764,-11.95755,34.50826,-135.65325
22.4896,-11.64261,34.53838,-135.81204
22.4902,-11.32556,34.56824,-135.96652
22.5029,-11.00644,34.59779,-136.11666
22.5169,-10.68536,34.62704,-136.26245
22.5298,-10.36230,34.65594,-136.40385
22.5304,-10.03738,34.68447,-136.54084
22.5431,-9.71057,34.71261,-136.67339
22.5565,-9.38202,34.74031,-136.80149
22.5698,-9.05176,34.76757,-136.92511
22.5704,-8.71979,34.79436,-137.04423
22.5831,-8.38620,34.82065,-137.15883
22.5966,-8.05109,34.84640,-137.26889
22.6098,-7.71442,34.87159,-137.37439
22.6104,-7.37631,34.89621,-137.47532
22.6261,-7.03680,34.92022,-137.57166
22.6420,-6.69595,34.94360,-137.66339
22.6425,-6.35385,34.96631,-137.75050
22.6529,-6.01053,34.98833,-137.83297
22.6641,-5.66602,35.00964,-137.91081
22.6773,-5.32043,35.03021,-137.98401
22.6907,-4.97385,35.05001,-138.05257
22.6913,-4.62628,35.06902,-138.11648
22.7043,-4.27786,35.08720,-138.17569
22.7178,-3.92856,35.10453,-138.23018
22.7312,-3.57849,35.12098,-138.27995
22.7317,-3.22775,35.13652,-138.32497
22.7445,-2.87631,35.15112,-138.36519
22.7577,-2.52432,35.16475,-138.40060
22.7709,-2.17178,35.17739,-138.43117
22.7715,-1.81885,35.18899,-138.45686
22.7844,-1.46548,35.19952,-138.47765
22.7978,-1.11185,35.20896,-138.49351
22.8114,-0.75797,35.21726,-138.50443
22.8119,-0.40393,35.22440,-138.51035
22.8248,-0.04977,35.23035,-138.51128
22.8384,0.30438,35.23506,-138.50718
22.8520,0.65851,35.23851,-138.49804
22.8526,1.01248,35.24065,-138.48385
22.8657,1.36624,35.24147,-138.46459
22.8798,1.71970,35.24091,-138.44025
22.8803,2.07281,35.23897,-138.41081
22.8929,2.42545,35.23558,-138.37627
22.9066,2.77759,35.23073,-138.33661
22.9226,3.12912,35.22437,-138.29184
22.9231,3.47995,35.21648,-138.24196
22.9380,3.83002,35.20702,-138.18695
22.9531,4.17923,35.19597,-138.12684
22.9538,4.52750,35.18328,-138.06161
22.9685,4.87479,35.16893,-137.99128
22.9838,5.22095,35.15288,-137.91584
22.9844,5.56595,35.13509,-137.83528
22.9992,5.90970,35.11555,-137.74964
23.0135,6.25211,35.09419,-137.65891
23.0140,6.59311,35.07099,-137.56305
23.0286,6.93265,35.04594,-137.46219
23.0434,7.27066,35.01898,-137.35633
23.0440,7.60709,34.99011,-137.24555
23.0583,7.94189,34.95933,-137.12994
23.0730,8.27509,34.92659,-137.00955
23.0737,8.60654,34.89190,-136.88451
23.0880,8.93631,34.85524,-136.75487
23.1029,9.26437,34.81660,-136.62072
23.1035,9.59073,34.77600,-136.48218
23.1180,9.91537,34.73342,-136.33936
23.1329,10.23828,34.68887,-136.19235
23.1335,10.55948,34.64235,-136.04125
23.1478,10.87897,34.59386,-135.88620
23.1628,11.19672,34.54342,-135.72729
23.1635,11.51273,34.49102,-135.56462
23.1775,11.82706,34.43666,-135.39831
23.1922,12.13965,34.38035,-135.22844
23.1928,12.45050,34.32208,-135.05511
23.2067,12.75964,34.26186,-134.87841
23.2213,13.06714,34.19968,-134.69842
23.2220,13.37289,34.13554,-134.51524
23.2357,13.67697,34.06946,-134.32895
23.2501,13.97934,34.00143,-134.13967
23.2508,14.28000,33.93146,-133.94754
23.2642,14.57898,33.85959,-133.75256
23.2783,14.87628,33.78584,-133.55485
23.2925,15.17194,33.71025,-133.35444
23.2930,15.46591,33.63284,-133.15140
23.3067,15.75815,33.55366,-132.94587
23.3208,16.04861,33.47273,-132.73795
23.3214,16.33731,33.39009,-132.52770
23.3351,16.62430,33.30576,-132.31516
23.3493,16.90955,33.21976,-132.10040
23.3499,17.19302,33.13215,-131.88357
23.3634,17.47476,33.04292,-131.66465
23.3773,17.75476,32.95213,-131.44374
23.3913,18.03305,32.85977,-131.22086
23.3919,18.30966,32.76589,-130.99608
23.4053,18.58459,32.67050,-130.76943
23.4193,18.85788,32.57363,-130.54094
23.4199,19.12952,32.47530,-130.31068
23.4333,19.39954,32.37552,-130.07868
23.4472,19.66794,32.27433,-129.84498
23.4613,19.93472,32.17175,-129.60969
23.4619,20.19989,32.06783,-129.37290
23.4751,20.46347,31.96255,-129.13459
23.4888,20.72546,31.85597,-128.89488
23.5026,20.98590,31.74810,-128.65380
23.5032,21.24475,31.63898,-128.41147
23.5164,21.50204,31.52862,-128.16790
23.5302,21.75775,31.41705,-127.92321
23.5308,22.01187,31.30430,-127.67751
23.5442,22.26443,31.19038,-127.43081
23.5583,22.51541,31.07531,-127.18318
23.5725,22.76483,30.95911,-126.93471
23.5731,23.01263,30.84180,-126.68549
23.5863,23.25891,30.72350,-126.43549
23.6004,23.50363,30.60423,-126.18484
23.6009,23.74683,30.48407,-125.93358
23.6144,23.98853,30.36312,-125.68170
23.6283,24.22873,30.24142,-125.42935
23.6423,24.46741,30.11906,-125.17663
23.6430,24.70462,29.99612,-124.92361
23.6550,24.94040,29.87269,-124.67027
23.6678,25.17477,29.74883,-124.41664
23.6805,25.40778,29.62463,-124.16271
23.6811,25.63947,29.50014,-123.90849
23.6929,25.86990,29.37549,-123.65395
23.7056,26.09903,29.25070,-123.39907
23.7178,26.32697,29.12589,-123.14382
23.7300,26.55377,29.00111,-122.88813
23.7306,26.77945,28.87648,-122.63199
23.7423,27.00403,28.75208,-122.37534
23.7547,27.22766,28.62799,-122.11807
23.7663,27.45038,28.50429,-121.86009
23.7780,27.67224,28.38112,-121.60135
23.7896,27.89328,28.25862,-121.34178
23.7902,28.11356,28.13698,-121.08132
23.8011,28.33295,28.01641,-120.82013
23.8127,28.55142,27.89709,-120.55816
23.8242,28.76904,27.77922,-120.29537
23.8352,28.98581,27.66299,-120.03169
23.8465,29.20175,27.54864,-119.76700
23.8578,29.41681,27.43641,-119.50127
23.8685,29.63101,27.32655,-119.23441
23.8797,29.84439,27.21928,-118.96633
23.8803,30.05688,27.11488,-118.69699
23.8902,30.26837,27.01358,-118.42643
23.9007,30.47879,26.91564,-118.15466
23.9110,30.68799,26.82133,-117.88170
23.9213,30.89572,26.73083,-117.60788
23.9311,31.10223,26.64431,-117.33254
23.9406,31.30765,26.56169,-117.05568
23.9500,31.51169,26.48294,-116.77764
23.9592,31.71442,26.40804,-116.49838
23.9776,31.91586,26.33694,-116.21793
23.9864,32.11621,26.27013,-115.93570
23.9952,32.31543,26.20754,-115.65181
24.0040,32.51352,26.14909,-115.36631
24.0129,32.71051,26.09469,-115.07922
24.0218,32.90640,26.04423,-114.79063
24.0307,33.10123,25.99765,-114.50054
24.0395,33.29495,25.95486,-114.20901
24.0575,33.48761,25.91577,-113.91610
24.0669,33.67923,25.88026,-113.62188
24.0750,33.86978,25.84828,-113.32636
24.0831,34.05930,25.81973,-113.02961
24.0917,34.24780,25.79454,-112.73166
24.1005,34.43527,25.77262,-112.43257
24.1175,34.62173,25.75390,-112.13239
24.1261,34.80719,25.73829,-111.83116
24.1347,34.99164,25.72573,-111.52891
24.1435,35.17508,25.71615,-111.22569
24.1519,35.35754,25.70948,-110.92153
24.1606,35.53903,25.70564,-110.61649
24.1692,35.71954,25.70457,-110.31059
24.1866,35.89908,25.70621,-110.00388
24.1980,36.02472,25.70922,-109.78750
24.2068,35.94763,25.71906,-109.75774
24.2156,35.96066,25.71786,-109.77948
24.2365,35.97614,25.71821,-109.79804
24.2373,35.99460,25.72171,-109.81268
24.2461,36.01401,25.72652,-109.82491
24.2546,36.03418,25.73222,-109.83477
24.2754,36.05533,25.73990,-109.84055
24.2761,36.07715,25.74913,-109.84079
24.2851,36.10059,25.76091,-109.83452
24.2941,36.12656,25.77482,-109.82207
24.3032,36.12445,25.78529,-109.82454
24.3126,36.12256,25.79411,-109.82684
24.3228,36.12241,25.80151,-109.82624
24.3329,36.12451,25.80768,-109.82193
24.3430,36.12634,25.81067,-109.81606
24.3534,36.12534,25.81121,-109.81340
24.3639,36.12402,25.81050,-109.81188
24.3745,36.12314,25.80986,-109.81112
24.3849,36.12292,25.80960,-109.81099
24.3954,36.12329,25.80962,-109.81123
24.4058,36.12387,25.80962,-109.81158
24.4163,36.12463,25.80969,-109.81209
24.4267,36.12531,25.80968,-109.81255
24.4369,36.12576,25.80962,-109.81291
24.4473,36.12607,25.80955,-109.81311
24.4579,36.12610,25.80938,-109.81338
24.4678,36.12613,25.80912,-109.81352
24.4780,36.12607,25.80878,-109.81360
24.4884,36.12598,25.80841,-109.81366
24.4986,36.12585,25.80801,-109.81368
24.5090,36.12570,25.80762,-109.81371
24.5186,36.12561,25.80723,-109.81372
24.5274,36.12549,25.80686,-109.81375
24.5364,36.12537,25.80650,-109.81377
24.5456,36.12527,25.80618,-109.81381
24.5547,36.12521,25.80587,-109.81383
24.5641,36.12515,25.80559,-109.81388
24.5735,36.12512,25.80533,-109.81391
24.5828,36.12509,25.80510,-109.81396
24.5922,36.12512,25.80488,-109.81400
24.6019,36.12509,25.80470,-109.81406
24.6109,36.12509,25.80453,-109.81409
24.6203,36.12512,25.80438,-109.81414
24.6296,36.12512,25.80425,-109.81418
24.6485,36.12515,25.80413,-109.81422
24.6578,36.12515,25.80404,-109.81425
24.6672,36.12518,25.80395,-109.81426
24.6765,36.12518,25.80386,-109.81430
24.6858,36.12518,25.80378,-109.81432
24.6952,36.12518,25.80372,-109.81434
24.7045,36.12521,25.80367,-109.81436
24.7140,36.12521,25.80363,-109.81437
24.7233,36.12521,25.80360,-109.81437
24.7328,36.12521,25.80356,-109.81438
24.7422,36.12521,25.80352,-109.81439
24.7517,36.12521,25.80347,-109.81440
24.7611,36.12521,25.80343,-109.81442
24.7705,36.12521,25.80339,-109.81443
24.7799,36.12524,25.80335,-109.81443
24.7894,36.12524,25.80332,-109.81443
24.8083,36.12524,25.80330,-109.81444
24.8177,36.12524,25.80328,-109.81444
24.8275,36.12524,25.80327,-109.81445
24.8365,36.12524,25.80326,-109.81445
24.8459,36.12524,25.80326,-109.81445
24.8553,36.12524,25.80326,-109.81445
24.8648,36.12524,25.80326,-109.81445
24.8744,36.12524,25.80326,-109.81445
24.8837,36.12524,25.80326,-109.81445
24.8936,36.12524,25.80326,-109.81445
24.9026,36.12524,25.80326,-109.81445
24.9121,36.12524,25.80327,-109.81445
24.9216,36.12524,25.80327,-109.81445
24.9309,36.12524,25.80327,-109.81445
24.9405,36.12524,25.80327,-109.81445
24.9501,36.12524,25.80327,-109.81445
24.9597,36.12524,25.80327,-109.81445
24.9692,36.12524,25.80327,-109.81445
24.9883,36.12524,25.80327,-109.81445
24.9977,36.12524,25.80327,-109.81444
25.0069,36.12524,25.80327,-109.81444
25.0166,36.12524,25.80327,-109.81444
25.0259,36.12524,25.80327,-109.81444
25.0355,36.12524,25.80327,-109.81444
25.0450,36.12524,25.80327,-109.81444
25.0547,36.12524,25.80327,-109.81444
25.0640,36.12524,25.80327,-109.81444
25.0734,36.12524,25.80327,-109.81444
25.0828,36.12524,25.80327,-109.81445
25.0921,36.12524,25.80327,-109.81445
25.1014,36.12524,25.80327,-109.81445
25.1108,36.12524,25.80327,-109.81445
25.1202,36.12524,25.80327,-109.81445
25.1296,36.12524,25.80327,-109.81445
25.1479,36.12524,25.80327,-109.81445
25.1574,36.12524,25.80327,-109.81445
25.1666,36.12524,25.80327,-109.81445
25.1762,36.12524,25.80327,-109.81445
25.1858,36.12524,25.80327,-109.81445
25.1953,36.12524,25.80327,-109.81445
25.2049,36.12524,25.80327,-109.81445
25.2145,36.12524,25.80327,-109.81445
25.2240,36.12521,25.80327,-109.81445
25.2340,36.12521,25.80327,-109.81445
25.2429,36.12521,25.80327,-109.81445
25.2525,36.12521,25.80327,-109.81445
25.2619,36.12521,25.80327,-109.81445
25.2713,36.12521,25.80327,-109.81445
25.2808,36.12521,25.80327,-109.81445
25.2902,36.12521,25.80327,-109.81445
25.2996,36.12521,25.80327,-109.81445
25.3185,36.12521,25.80327,-109.81445
25.3280,36.12521,25.80327,-109.81445
25.3371,36.12521,25.80326,-109.81444
25.3465,36.12521,25.80326,-109.81443
25.3557,36.12521,25.80326,-109.81444
25.3649,36.12521,25.80326,-109.81444
25.3744,36.12521,25.80326,-109.81445
25.3837,36.12521,25.80326,-109.81443
25.3930,36.12521,25.80326,-109.81443
25.4022,36.12521,25.80326,-109.81443
25.4115,36.12521,25.80326,-109.81443
25.4220,36.12521,25.80326,-109.81443
25.4304,36.12521,25.80326,-109.81443
25.4395,36.12521,25.80326,-109.81443
25.4583,36.12521,25.80326,-109.81443
25.4676,36.12521,25.80326,-109.81443
25.4768,36.12521,25.80326,-109.81443
25.4858,36.12521,25.80326,-109.81443
25.4950,36.12521,25.80326,-109.81443
25.5047,36.12521,25.80326,-109.81443
25.5138,36.12521,25.80326,-109.81443
25.5231,36.12521,25.80326,-109.81443
25.5318,36.12521,25.80326,-109.81443
25.5410,36.12521,25.80326,-109.81443
25.5501,36.12521,25.80326,-109.81443
25.5597,36.12521,25.80326,-109.81443
25.5778,36.12521,25.80326,-109.81443
25.5869,36.12521,25.80325,-109.81443
25.5970,36.12521,25.80323,-109.81443
25.6055,36.12521,25.80321,-109.81444
25.6144,36.12521,25.80320,-109.81444
25.6237,36.12521,25.80318,-109.81444
25.6327,36.12521,25.80317,-109.81445
25.6418,36.12521,25.80316,-109.81445
25.6509,36.12521,25.80315,-109.81445
25.6603,36.12521,25.80315,-109.81445
25.6693,36.12521,25.80314,-109.81445
