t_wall,t_sim,x,y,z,qx,qy,qz,qw,gx,gy,gz,in1,in2,in3,in4
0.0000,15.16025,0.00000,0.00000,0.00000,0.00004,0.90423,0.00003,0.42705,0.07461,0.41495,0.00188,-1.00000,0.00000,0.00000,-0.00000
0.0079,15.17025,0.00000,0.00000,-0.00001,0.00003,0.90423,0.00005,0.42705,-0.05691,0.05317,-0.00252,-1.00000,0.00000,0.00000,-0.00000
0.0157,15.18025,0.00000,0.00000,0.00000,0.00004,0.90423,0.00004,0.42705,-0.05208,0.42030,0.00208,-1.00000,0.00000,0.00000,-0.00000
0.0315,15.19025,0.00000,0.00000,0.00000,0.00004,0.90423,0.00003,0.42705,0.09024,0.27874,-0.00030,-1.00000,0.00000,0.00000,-0.00000
0.0393,15.20025,0.00000,0.00000,-0.00001,0.00003,0.90423,0.00005,0.42705,-0.05532,0.05227,-0.00251,-1.00000,0.00000,0.00000,-0.00000
0.0471,15.21025,0.00000,0.00000,0.00000,0.00004,0.90423,0.00004,0.42705,-0.05256,0.42306,0.00208,-1.00000,0.00000,0.00000,-0.00000
0.0550,15.22025,0.00000,0.00000,0.00000,0.00004,0.90423,0.00003,0.42705,0.04613,0.22639,-0.00018,-1.00000,0.00000,0.00000,-0.00000
0.0707,15.23025,0.00000,0.00000,-0.00001,0.00004,0.90423,0.00003,0.42705,0.16997,0.12750,-0.00258,-1.00000,0.00000,0.00000,-0.00000
0.0786,15.24025,0.00000,0.00000,0.00000,0.00003,0.90423,0.00005,0.42705,-0.36725,0.45808,0.00196,-1.00000,0.00000,0.00000,-0.00000
0.0869,15.25025,0.00000,0.00000,0.00000,0.00004,0.90423,0.00004,0.42705,0.10427,0.21960,-0.00014,-1.00000,0.00000,0.00000,-0.00000
0.0944,15.26025,0.00000,0.00000,0.00000,0.00004,0.90423,0.00003,0.42705,0.09290,0.27030,-0.00024,-1.00000,0.00000,0.00000,-0.00000
0.1100,15.27025,0.00000,0.00000,-0.00001,0.00003,0.90423,0.00005,0.42705,-0.13989,0.10721,-0.00252,-1.00000,0.00000,0.00000,-0.00000
0.1178,15.28025,0.00000,0.00000,0.00000,0.00003,0.90423,0.00003,0.42705,0.03022,0.36423,0.00200,-1.00000,0.00000,0.00000,-0.00000
0.1258,15.29025,0.00000,0.00000,-0.00001,0.00004,0.90423,0.00003,0.42705,0.17095,0.12709,-0.00259,-1.00000,0.00000,0.00000,-0.00000
0.1413,15.30025,0.00000,0.00000,0.00000,0.00003,0.90423,0.00005,0.42705,-0.36796,0.45818,0.00195,-1.00000,0.00000,0.00000,-0.00000
0.1491,15.31026,0.00000,0.00000,0.00000,0.00004,0.90423,0.00004,0.42705,0.10443,0.21868,-0.00014,-1.00000,0.00000,0.00000,-0.00000
0.1570,15.32026,0.00000,0.00000,0.00000,0.00005,0.90423,0.00003,0.42705,0.09004,0.28005,-0.00033,-1.00000,0.00000,0.00000,-0.00000
0.1650,15.33026,0.00000,0.00000,-0.00001,0.00003,0.90423,0.00004,0.42705,-0.05411,0.05213,-0.00250,-1.00000,0.00000,0.00000,-0.00000
0.1807,15.34026,0.00000,0.00000,0.00000,0.00004,0.90423,0.00003,0.42705,-0.05283,0.42463,0.00208,-1.00000,0.00000,0.00000,-0.00000
0.1886,15.35026,0.00000,0.00000,0.00000,0.00003,0.90423,0.00005,0.42705,-0.21679,0.25562,-0.00024,-1.00000,0.00000,0.00000,-0.00000
0.1963,15.36026,0.00000,0.00000,0.00000,0.00003,0.90423,0.00003,0.42705,0.18724,0.16133,-0.00026,-1.00000,0.00000,0.00000,-0.00000
0.2043,15.37026,0.00000,0.00000,-0.00001,0.00004,0.90423,0.00003,0.42705,0.16482,0.13103,-0.00251,-1.00000,0.00000,0.00000,-0.00000
0.2201,15.38026,0.00000,0.00000,0.00000,0.00003,0.90423,0.00005,0.42705,-0.36940,0.45780,0.00195,-1.00000,0.00000,0.00000,-0.00000
0.2279,15.39026,0.00000,0.00000,0.00000,0.00004,0.90423,0.00004,0.42705,0.10485,0.21626,-0.00014,-1.00000,0.00000,0.00000,-0.00000
0.2360,15.40026,0.00000,0.00000,0.00000,0.00005,0.90423,0.00003,0.42705,0.09047,0.27764,-0.00033,-1.00000,0.00000,0.00000,-0.00000
0.2436,15.41026,0.00000,0.00000,0.00000,0.00003,0.90423,0.00005,0.42705,-0.21103,0.25495,-0.00027,-1.00000,0.00000,0.00000,-0.00000
0.2593,15.42026,0.00000,0.00000,0.00000,0.00004,0.90423,0.00004,0.42705,0.10434,0.21936,-0.00016,-1.00000,0.00000,0.00000,-0.00000
0.2674,15.43026,0.00000,0.00000,0.00000,0.00004,0.90423,0.00003,0.42705,0.04625,0.22587,-0.00020,-1.00000,0.00000,0.00000,-0.00000
0.2752,15.44026,0.00000,0.00000,-0.00001,0.00004,0.90423,0.00002,0.42705,0.24564,0.07986,-0.00257,-1.00000,0.00000,0.00000,-0.00000
0.2911,15.45026,0.00000,0.00000,-0.00001,0.00004,0.90423,0.00005,0.42705,-0.29715,0.31570,-0.00020,-1.00000,0.00000,0.00000,-0.00000
0.2981,15.46026,0.00000,0.00000,0.00000,0.00004,0.90423,0.00003,0.42705,0.02961,0.36804,0.00202,-1.00000,0.00000,0.00000,-0.00000
0.3048,15.47026,0.00000,0.00000,-0.00001,0.00003,0.90423,0.00006,0.42705,-0.14286,0.10805,-0.00251,-1.00000,0.00000,0.00000,-0.00000
0.3183,15.48026,0.00000,0.00000,0.00000,0.00004,0.90423,0.00003,0.42705,0.07751,0.40500,0.00195,-1.00000,0.00000,0.00000,-0.00000
0.3248,15.49026,0.00000,0.00000,-0.00001,0.00003,0.90423,0.00005,0.42705,-0.05894,0.05395,-0.00251,-1.00000,0.00000,0.00000,-0.00000
0.3388,15.50026,0.00000,0.00000,0.00000,0.00003,0.90423,0.00004,0.42705,-0.05179,0.41847,0.00208,-1.00000,0.00000,0.00000,-0.00000
0.3459,15.51026,0.00000,0.00000,0.00000,0.00004,0.90423,0.00003,0.42705,0.09052,0.27697,-0.00030,-1.00000,0.00000,0.00000,-0.00000
0.3601,15.52026,0.00000,0.00000,-0.00001,0.00003,0.90423,0.00005,0.42705,-0.14119,0.10740,-0.00252,-1.00000,0.00000,0.00000,-0.00000
0.3674,15.53026,0.00000,0.00000,0.00000,0.00003,0.90423,0.00003,0.42705,0.03055,0.36228,0.00200,-1.00000,0.00000,0.00000,-0.00000
0.3745,15.54026,0.00000,0.00000,-0.00001,0.00004,0.90423,0.00002,0.42705,0.24687,0.07793,-0.00258,-1.00000,0.00000,0.00000,-0.00000
0.3890,15.55026,0.00000,0.00000,-0.00001,0.00003,0.90423,0.00005,0.42705,-0.29931,0.31611,-0.00020,-1.00000,0.00000,0.00000,-0.00000
0.3962,15.56026,0.00000,0.00000,0.00000,0.00004,0.90423,0.00003,0.42705,0.03004,0.36544,0.00202,-1.00000,0.00000,0.00000,-0.00000
0.4107,15.57026,0.00000,0.00000,-0.00001,0.00004,0.90423,0.00002,0.42705,0.24639,0.08080,-0.00258,-1.00000,0.00000,0.00000,-0.00000
0.4179,15.58026,0.00000,0.00000,-0.00001,0.00004,0.90423,0.00005,0.42705,-0.29671,0.31553,-0.00020,-1.00000,0.00000,0.00000,-0.00000
0.4252,15.59026,0.00000,0.00000,0.00000,0.00004,0.90423,0.00003,0.42705,0.02954,0.36846,0.00202,-1.00000,0.00000,0.00000,-0.00000
0.4400,15.60026,0.00000,0.00000,-0.00001,0.00003,0.90423,0.00006,0.42705,-0.14245,0.10795,-0.00251,-1.00000,0.00000,0.00000,-0.00000
0.4470,15.61026,0.00000,0.00000,0.00000,0.00004,0.90423,0.00003,0.42705,0.07744,0.40542,0.00195,-1.00000,0.00000,0.00000,-0.00000
0.4543,15.62026,0.00000,0.00000,-0.00001,0.00003,0.90423,0.00005,0.42705,-0.05854,0.05384,-0.00251,-1.00000,0.00000,0.00000,-0.00000
0.4688,15.63026,0.00000,0.00000,0.00000,0.00003,0.90423,0.00004,0.42705,-0.05188,0.41899,0.00208,-1.00000,0.00000,0.00000,-0.00000
0.4759,15.64026,0.00000,0.00000,0.00000,0.00004,0.90423,0.00003,0.42705,0.09045,0.27743,-0.00030,-1.00000,0.00000,0.00000,-0.00000
0.4904,15.65026,0.00000,0.00000,-0.00001,0.00003,0.90423,0.00005,0.42705,-0.14070,0.10724,-0.00252,-1.00000,0.00000,0.00000,-0.00000
0.4975,15.66026,0.00000,0.00000,0.00000,0.00003,0.90423,0.00003,0.42705,0.03047,0.36281,0.00200,-1.00000,0.00000,0.00000,-0.00000
0.5048,15.67026,0.00000,0.00000,-0.00001,0.00004,0.90423,0.00002,0.42705,0.24679,0.07839,-0.00258,-1.00000,0.00000,0.00000,-0.00000
0.5194,15.68026,0.00000,0.00000,-0.00001,0.00003,0.90423,0.00005,0.42705,-0.29882,0.31601,-0.00020,-1.00000,0.00000,0.00000,-0.00000
0.5268,15.69026,0.00000,0.00000,0.00000,0.00004,0.90423,0.00003,0.42705,0.02995,0.36597,0.00202,-1.00000,0.00000,0.00000,-0.00000
0.5340,15.70026,0.00000,0.00000,-0.00001,0.00003,0.90423,0.00004,0.42705,-0.01194,0.08972,-0.00254,-1.00000,0.00000,0.00000,-0.00000
0.5484,15.71026,0.00000,0.00000,0.00000,0.00004,0.90423,0.00004,0.42705,-0.05207,0.42393,0.00206,-1.00000,0.00000,0.00000,-0.00000
0.5558,15.72026,0.00000,0.00000,0.00000,0.00004,0.90423,0.00003,0.42705,0.09273,0.27126,-0.00022,-1.00000,0.00000,0.00000,-0.00000
0.5703,15.73026,0.00000,0.00000,-0.00001,0.00003,0.90423,0.00005,0.42705,-0.13924,0.10712,-0.00252,-1.00000,0.00000,0.00000,-0.00000
0.5773,15.74026,0.00000,0.00000,0.00000,0.00003,0.90423,0.00003,0.42705,0.03009,0.36499,0.00200,-1.00000,0.00000,0.00000,-0.00000
0.5846,15.75027,0.00000,0.00000,-0.00001,0.00004,0.90423,0.00003,0.42705,0.17083,0.12784,-0.00259,-1.00000,0.00000,0.00000,-0.00000
0.5991,15.76027,0.00000,0.00000,0.00000,0.00003,0.90423,0.00005,0.42705,-0.36731,0.45808,0.00196,-1.00000,0.00000,0.00000,-0.00000
0.6063,15.77027,0.00000,0.00000,0.00000,0.00004,0.90423,0.00004,0.42705,0.10429,0.21947,-0.00014,-1.00000,0.00000,0.00000,-0.00000
0.6209,15.78027,0.00000,0.00000,0.00000,0.00004,0.90423,0.00003,0.42705,0.09293,0.27013,-0.00024,-1.00000,0.00000,0.00000,-0.00000
0.6280,15.79027,0.00000,0.00000,-0.00001,0.00003,0.90423,0.00005,0.42705,-0.13989,0.10716,-0.00252,-1.00000,0.00000,0.00000,-0.00000
0.6353,15.80027,0.00000,0.00000,0.00000,0.00003,0.90423,0.00003,0.42705,0.03025,0.36406,0.00200,-1.00000,0.00000,0.00000,-0.00000
0.6498,15.81027,0.00000,0.00000,-0.00001,0.00004,0.90423,0.00003,0.42705,0.17099,0.12691,-0.00259,-1.00000,0.00000,0.00000,-0.00000
0.6570,15.82027,0.00000,0.00000,0.00000,0.00003,0.90423,0.00005,0.42705,-0.36804,0.45818,0.00195,-1.00000,0.00000,0.00000,-0.00000
0.6642,15.83027,0.00000,0.00000,0.00000,0.00004,0.90423,0.00004,0.42705,0.10446,0.21850,-0.00014,-1.00000,0.00000,0.00000,-0.00000
0.6788,15.84027,0.00000,0.00000,0.00000,0.00005,0.90423,0.00003,0.42705,0.09006,0.27995,-0.00033,-1.00000,0.00000,0.00000,-0.00000
0.6859,15.85027,0.00000,0.00000,-0.00001,0.00003,0.90423,0.00004,0.42705,-0.05419,0.05213,-0.00250,-1.00000,0.00000,0.00000,-0.00000
0.7003,15.86027,0.00000,0.00000,0.00000,0.00004,0.90423,0.00004,0.42705,-0.05281,0.42452,0.00208,-1.00000,0.00000,0.00000,-0.00000
0.7077,15.87027,0.00000,0.00000,0.00000,0.00003,0.90423,0.00005,0.42705,-0.21679,0.25556,-0.00024,-1.00000,0.00000,0.00000,-0.00000
0.7149,15.88027,0.00000,0.00000,0.00000,0.00003,0.90423,0.00003,0.42705,0.18728,0.16115,-0.00026,-1.00000,0.00000,0.00000,-0.00000
0.7294,15.89027,0.00000,0.00000,-0.00001,0.00004,0.90423,0.00003,0.42705,0.16484,0.13092,-0.00251,-1.00000,0.00000,0.00000,-0.00000
0.7366,15.90027,0.00000,0.00000,0.00000,0.00003,0.90423,0.00005,0.42705,-0.36949,0.45779,0.00195,-1.00000,0.00000,0.00000,-0.00000
0.7439,15.91027,0.00000,0.00000,0.00000,0.00004,0.90423,0.00004,0.42705,0.10489,0.21609,-0.00014,-1.00000,0.00000,0.00000,-0.00000
0.7580,15.92027,0.00000,0.00000,0.00000,0.00005,0.90423,0.00003,0.42705,0.09049,0.27753,-0.00033,-1.00000,0.00000,0.00000,-0.00000
0.7652,15.93027,0.00000,0.00000,0.00000,0.00003,0.90423,0.00005,0.42705,-0.21111,0.25494,-0.00027,-1.00000,0.00000,0.00000,-0.00000
0.7796,15.94027,0.00000,0.00000,0.00000,0.00004,0.90423,0.00004,0.42705,0.10436,0.21925,-0.00016,-1.00000,0.00000,0.00000,-0.00000
0.7867,15.95027,0.00000,0.00000,0.00000,0.00004,0.90423,0.00003,0.42705,0.04627,0.22575,-0.00020,-1.00000,0.00000,0.00000,-0.00000
0.7942,15.96027,0.00000,0.00000,-0.00001,0.00004,0.90423,0.00002,0.42705,0.24566,0.07975,-0.00257,-1.00000,0.00000,0.00000,-0.00000
0.8080,15.97027,0.00000,0.00000,-0.00001,0.00004,0.90423,0.00005,0.42705,-0.29722,0.31569,-0.00020,-1.00000,0.00000,0.00000,-0.00000
0.8150,15.98027,0.00000,0.00000,0.00000,0.00004,0.90423,0.00003,0.42705,0.02963,0.36793,0.00202,-1.00000,0.00000,0.00000,-0.00000
0.8293,15.99027,0.00000,0.00000,-0.00001,0.00003,0.90423,0.00006,0.42705,-0.14294,0.10805,-0.00251,-1.00000,0.00000,0.00000,-0.00000
0.8365,16.00027,0.00000,0.00000,0.00000,0.00004,0.90423,0.00003,0.42705,0.07753,0.40485,0.00195,-1.00000,0.00000,0.00000,-0.00000
0.8436,16.01027,0.00000,0.00000,-0.00001,0.00003,0.90423,0.00005,0.42705,-0.05902,0.05389,-0.00251,-1.00000,0.00000,0.00000,-0.00000
0.8578,16.02027,0.00000,0.00000,0.00000,0.00003,0.90423,0.00004,0.42705,-0.05177,0.41836,0.00208,-1.00000,0.00000,0.00000,-0.00000
0.8649,16.03027,0.00000,0.00000,0.00000,0.00004,0.90423,0.00003,0.42705,0.09056,0.27679,-0.00030,-1.00000,0.00000,0.00000,-0.00000
0.8789,16.04027,0.00000,0.00000,-0.00001,0.00003,0.90423,0.00005,0.42705,-0.14119,0.10728,-0.00252,-1.00000,0.00000,0.00000,-0.00000
0.8860,16.05027,0.00000,0.00000,0.00000,0.00003,0.90423,0.00003,0.42705,0.03058,0.36217,0.00200,-1.00000,0.00000,0.00000,-0.00000
0.9004,16.06027,0.00000,0.00000,-0.00001,0.00004,0.90423,0.00002,0.42705,0.24689,0.07782,-0.00258,-1.00000,0.00000,0.00000,-0.00000
0.9072,16.07027,0.00000,0.00000,-0.00001,0.00003,0.90423,0.00005,0.42705,-0.29939,0.31611,-0.00020,-1.00000,0.00000,0.00000,-0.00000
0.9143,16.08027,0.00000,0.00000,0.00000,0.00004,0.90423,0.00003,0.42705,0.03007,0.36528,0.00202,-1.00000,0.00000,0.00000,-0.00000
0.9283,16.09027,0.00000,0.00000,-0.00001,0.00004,0.90423,0.00002,0.42705,0.24642,0.08064,-0.00258,-1.00000,0.00000,0.00000,-0.00000
0.9354,16.10027,0.00000,0.00000,-0.00001,0.00004,0.90423,0.00005,0.42705,-0.29688,0.31565,-0.00020,-1.00000,0.00000,0.00000,-0.00000
0.9493,16.11027,0.00000,0.00000,0.00000,0.00004,0.90423,0.00003,0.42705,0.02957,0.36830,0.00202,-1.00000,0.00000,0.00000,-0.00000
0.9564,16.12027,0.00000,0.00000,-0.00001,0.00003,0.90423,0.00006,0.42705,-0.14253,0.10795,-0.00251,-1.00000,0.00000,0.00000,-0.00000
0.9706,16.13027,0.00000,0.00000,0.00000,0.00004,0.90423,0.00003,0.42705,0.07747,0.40527,0.00195,-1.00000,0.00000,0.00000,-0.00000
0.9777,16.14027,0.00000,0.00000,-0.00001,0.00003,0.90423,0.00005,0.42705,-0.05861,0.05384,-0.00251,-1.00000,0.00000,0.00000,-0.00000
0.9846,16.15027,0.00000,0.00000,0.00000,0.00003,0.90423,0.00004,0.42705,-0.05186,0.41884,0.00208,-1.00000,0.00000,0.00000,-0.00000
0.9988,16.16027,0.00000,0.00000,0.00000,0.00004,0.90423,0.00003,0.42705,0.09047,0.27732,-0.00030,-1.00000,0.00000,0.00000,-0.00000
1.0058,16.17027,0.00000,0.00000,-0.00001,0.00003,0.90423,0.00005,0.42705,-0.14078,0.10724,-0.00252,-1.00000,0.00000,0.00000,-0.00000
1.0200,16.18027,0.00000,0.00000,0.00000,0.00003,0.90423,0.00003,0.42705,0.03049,0.36270,0.00200,-1.00000,0.00000,0.00000,-0.00000
1.0270,16.19028,0.00000,0.00000,-0.00001,0.00004,0.90423,0.00002,0.42705,0.24682,0.07824,-0.00258,-1.00000,0.00000,0.00000,-0.00000
1.0339,16.20028,0.00000,0.00000,-0.00001,0.00003,0.90423,0.00005,0.42705,-0.29890,0.31600,-0.00020,-1.00000,0.00000,0.00000,-0.00000
1.0481,16.21028,0.00000,0.00000,0.00000,0.00004,0.90423,0.00003,0.42705,0.02997,0.36585,0.00202,-1.00000,0.00000,0.00000,-0.00000
1.0551,16.22028,0.00000,0.00000,-0.00001,0.00003,0.90423,0.00005,0.42705,-0.09578,0.14396,-0.00256,-1.00000,0.00000,0.00000,-0.00000
1.0691,16.23028,0.00000,0.00000,0.00000,0.00004,0.90423,0.00003,0.42705,0.03077,0.36496,0.00198,-1.00000,0.00000,0.00000,-0.00000
1.0761,16.24028,0.00000,0.00000,-0.00001,0.00004,0.90423,0.00002,0.42705,0.24652,0.08017,-0.00258,-1.00000,0.00000,0.00000,-0.00000
1.0902,16.25028,0.00000,0.00000,-0.00001,0.00004,0.90423,0.00005,0.42705,-0.29696,0.31535,-0.00020,-1.00000,0.00000,0.00000,-0.00000
1.0973,16.26028,0.00000,0.00000,0.00000,0.00004,0.90423,0.00003,0.42705,0.02964,0.36789,0.00202,-1.00000,0.00000,0.00000,-0.00000
1.1043,16.27028,0.00000,0.00000,-0.00001,0.00003,0.90423,0.00005,0.42705,-0.05894,0.05358,-0.00249,-1.00000,0.00000,0.00000,-0.00000
1.1183,16.28028,0.00000,0.00000,0.00000,0.00003,0.90423,0.00004,0.42705,-0.05197,0.41938,0.00208,-1.00000,0.00000,0.00000,-0.00000
1.1254,16.29028,0.00000,0.00000,0.00000,0.00004,0.90423,0.00003,0.42705,0.09039,0.27776,-0.00030,-1.00000,0.00000,0.00000,-0.00000
1.1394,16.30028,0.00000,0.00000,-0.00001,0.00003,0.90423,0.00005,0.42705,-0.14046,0.10725,-0.00252,-1.00000,0.00000,0.00000,-0.00000
1.1465,16.31028,0.00000,0.00000,0.00000,0.00003,0.90423,0.00003,0.42705,0.03041,0.36314,0.00200,-1.00000,0.00000,0.00000,-0.00000
1.1605,16.32028,0.00000,0.00000,-0.00001,0.00004,0.90423,0.00002,0.42705,0.24672,0.07883,-0.00258,-1.00000,0.00000,0.00000,-0.00000
1.1675,16.33028,0.00000,0.00000,-0.00001,0.00003,0.90423,0.00005,0.42705,-0.29850,0.31596,-0.00020,-1.00000,0.00000,0.00000,-0.00000
1.1745,16.34028,0.00000,0.00000,0.00000,0.00004,0.90423,0.00003,0.42705,0.02989,0.36634,0.00202,-1.00000,0.00000,0.00000,-0.00000
1.1885,16.35028,0.00000,0.00000,-0.00001,0.00003,0.90423,0.00005,0.42705,-0.09537,0.14392,-0.00256,-1.00000,0.00000,0.00000,-0.00000
1.1957,16.36028,0.00000,0.00000,0.00000,0.00004,0.90423,0.00003,0.42705,0.03067,0.36555,0.00198,-1.00000,0.00000,0.00000,-0.00000
1.2097,16.37028,0.00000,0.00000,-0.00001,0.00004,0.90423,0.00002,0.42705,0.24945,0.07004,-0.00250,-1.00000,0.00000,0.00000,-0.00000
1.2169,16.38028,0.00000,0.00000,-0.00001,0.00003,0.90423,0.00005,0.42705,-0.29939,0.31636,-0.00020,-1.00000,0.00000,0.00000,-0.00000
1.2271,16.39028,0.00000,0.00000,0.00000,0.00004,0.90423,0.00003,0.42705,0.02997,0.36576,0.00202,-1.00000,0.00000,0.00000,-0.00000
1.2381,16.40028,0.00000,0.00000,-0.00001,0.00004,0.90423,0.00003,0.42705,0.17071,0.12850,-0.00259,-1.00000,0.00000,0.00000,-0.00000
1.2449,16.41028,0.00000,0.00000,0.00000,0.00003,0.90423,0.00004,0.42705,-0.36682,0.45798,0.00196,-1.00000,0.00000,0.00000,-0.00000
1.2588,16.42028,0.00000,0.00000,0.00000,0.00004,0.90423,0.00004,0.42705,0.10417,0.22013,-0.00014,-1.00000,0.00000,0.00000,-0.00000
1.2662,16.43028,0.00000,0.00000,0.00000,0.00004,0.90423,0.00003,0.42705,0.09283,0.27072,-0.00024,-1.00000,0.00000,0.00000,-0.00000
1.2800,16.44028,0.00000,0.00000,-0.00001,0.00003,0.90423,0.00005,0.42705,-0.13949,0.10717,-0.00252,-1.00000,0.00000,0.00000,-0.00000
1.2869,16.45028,0.00000,0.00000,0.00000,0.00003,0.90423,0.00003,0.42705,0.03015,0.36465,0.00200,-1.00000,0.00000,0.00000,-0.00000
1.2939,16.46028,0.00000,0.00000,-0.00001,0.00004,0.90423,0.00003,0.42705,0.17086,0.12762,-0.00259,-1.00000,0.00000,0.00000,-0.00000
1.3077,16.47028,0.00000,0.00000,0.00000,0.00003,0.90423,0.00005,0.42705,-0.36747,0.45802,0.00196,-1.00000,0.00000,0.00000,-0.00000
1.3147,16.48028,0.00000,0.00000,0.00000,0.00004,0.90423,0.00004,0.42705,0.10433,0.21920,-0.00014,-1.00000,0.00000,0.00000,-0.00000
1.3286,16.49028,0.00000,0.00000,0.00000,0.00004,0.90423,0.00003,0.42705,0.09299,0.26980,-0.00024,-1.00000,0.00000,0.00000,-0.00000
1.3355,16.50028,0.00000,0.00000,-0.00001,0.00003,0.90423,0.00005,0.42705,-0.14021,0.10726,-0.00252,-1.00000,0.00000,0.00000,-0.00000
1.3494,16.51028,0.00000,0.00000,0.00000,0.00003,0.90423,0.00003,0.42705,0.03032,0.36369,0.00200,-1.00000,0.00000,0.00000,-0.00000
1.3565,16.52028,0.00000,0.00000,-0.00001,0.00004,0.90423,0.00002,0.42705,0.24662,0.07939,-0.00258,-1.00000,0.00000,0.00000,-0.00000
1.3706,16.53028,0.00000,0.00000,-0.00001,0.00003,0.90423,0.00005,0.42705,-0.29809,0.31591,-0.00020,-1.00000,0.00000,0.00000,-0.00000
1.3777,16.54028,0.00000,0.00000,0.00000,0.00004,0.90423,0.00003,0.42705,0.02978,0.36700,0.00202,-1.00000,0.00000,0.00000,-0.00000
1.3848,16.55028,0.00000,0.00000,-0.00001,0.00003,0.90423,0.00005,0.42705,-0.09497,0.14387,-0.00256,-1.00000,0.00000,0.00000,-0.00000
1.3990,16.56028,0.00000,0.00000,0.00000,0.00004,0.90423,0.00003,0.42705,0.03057,0.36614,0.00198,-1.00000,0.00000,0.00000,-0.00000
1.4060,16.57028,0.00000,0.00000,-0.00001,0.00003,0.90423,0.00004,0.42705,-0.01176,0.08961,-0.00254,-1.00000,0.00000,0.00000,-0.00000
1.4202,16.58028,0.00000,0.00000,0.00000,0.00004,0.90423,0.00004,0.42705,-0.05206,0.42396,0.00206,-1.00000,0.00000,0.00000,-0.00000
1.4272,16.59028,0.00000,0.00000,0.00000,0.00004,0.90423,0.00003,0.42705,0.04605,0.22691,-0.00018,-1.00000,0.00000,0.00000,-0.00000
1.4343,16.60028,0.00000,0.00000,-0.00001,0.00004,0.90423,0.00003,0.42705,0.16986,0.12811,-0.00258,-1.00000,0.00000,0.00000,-0.00000
1.4486,16.61028,0.00000,0.00000,-0.00001,0.00003,0.90423,0.00005,0.42705,-0.21146,0.25500,-0.00028,-1.00000,0.00000,0.00000,-0.00000
1.4559,16.62029,0.00000,0.00000,0.00000,0.00004,0.90423,0.00004,0.42705,-0.05258,0.42302,0.00210,-1.00000,0.00000,0.00000,-0.00000
1.4699,16.63029,0.00000,0.00000,0.00000,0.00004,0.90423,0.00003,0.42705,0.09286,0.27048,-0.00022,-1.00000,0.00000,0.00000,-0.00000
1.4771,16.64029,0.00000,0.00000,-0.00001,0.00003,0.90423,0.00005,0.42705,-0.13989,0.10722,-0.00252,-1.00000,0.00000,0.00000,-0.00000
1.4844,16.65029,0.00000,0.00000,0.00000,0.00003,0.90423,0.00003,0.42705,0.03023,0.36417,0.00200,-1.00000,0.00000,0.00000,-0.00000
1.4986,16.66029,0.00000,0.00000,-0.00001,0.00004,0.90423,0.00003,0.42705,0.17095,0.12713,-0.00259,-1.00000,0.00000,0.00000,-0.00000
1.5057,16.67029,0.00000,0.00000,0.00000,0.00003,0.90423,0.00005,0.42705,-0.36787,0.45807,0.00196,-1.00000,0.00000,0.00000,-0.00000
1.5199,16.68029,0.00000,0.00000,0.00000,0.00004,0.90423,0.00004,0.42705,0.10442,0.21872,-0.00014,-1.00000,0.00000,0.00000,-0.00000
1.5271,16.69029,0.00000,0.00000,0.00000,0.00005,0.90423,0.00003,0.42705,0.09005,0.28004,-0.00033,-1.00000,0.00000,0.00000,-0.00000
1.5342,16.70029,0.00000,0.00000,-0.00001,0.00003,0.90423,0.00004,0.42705,-0.05403,0.05207,-0.00250,-1.00000,0.00000,0.00000,-0.00000
1.5482,16.71029,0.00000,0.00000,0.00000,0.00004,0.90423,0.00003,0.42705,-0.05283,0.42463,0.00208,-1.00000,0.00000,0.00000,-0.00000
1.5553,16.72029,0.00000,0.00000,0.00000,0.00003,0.90423,0.00005,0.42705,-0.21671,0.25557,-0.00024,-1.00000,0.00000,0.00000,-0.00000
1.5694,16.73029,0.00000,0.00000,0.00000,0.00003,0.90423,0.00003,0.42705,0.18724,0.16133,-0.00026,-1.00000,0.00000,0.00000,-0.00000
1.5764,16.74029,0.00000,0.00000,-0.00001,0.00004,0.90423,0.00003,0.42705,0.16480,0.13114,-0.00251,-1.00000,0.00000,0.00000,-0.00000
1.5906,16.75029,0.00000,0.00000,0.00000,0.00003,0.90423,0.00005,0.42705,-0.36932,0.45774,0.00195,-1.00000,0.00000,0.00000,-0.00000
1.5977,16.76029,0.00000,0.00000,0.00000,0.00004,0.90423,0.00004,0.42705,0.10485,0.21631,-0.00014,-1.00000,0.00000,0.00000,-0.00000
1.6049,16.77029,0.00000,0.00000,0.00000,0.00005,0.90423,0.00003,0.42705,0.09046,0.27769,-0.00033,-1.00000,0.00000,0.00000,-0.00000
1.6190,16.78029,0.00000,0.00000,0.00000,0.00003,0.90423,0.00005,0.42705,-0.21102,0.25500,-0.00027,-1.00000,0.00000,0.00000,-0.00000
1.6262,16.79029,0.00000,0.00000,0.00000,0.00004,0.90423,0.00004,0.42705,0.10433,0.21941,-0.00016,-1.00000,0.00000,0.00000,-0.00000
1.6405,16.80029,0.00000,0.00000,0.00000,0.00004,0.90423,0.00003,0.42705,0.04623,0.22598,-0.00020,-1.00000,0.00000,0.00000,-0.00000
1.6477,16.81029,0.00000,0.00000,-0.00001,0.00004,0.90423,0.00002,0.42705,0.24564,0.07984,-0.00257,-1.00000,0.00000,0.00000,-0.00000
1.6549,16.82029,0.00000,0.00000,-0.00001,0.00004,0.90423,0.00005,0.42705,-0.29706,0.31564,-0.00020,-1.00000,0.00000,0.00000,-0.00000
1.6692,16.83029,0.00000,0.00000,0.00000,0.00004,0.90423,0.00003,0.42705,0.02960,0.36809,0.00202,-1.00000,0.00000,0.00000,-0.00000
1.6763,16.84029,0.00000,0.00000,-0.00001,0.00003,0.90423,0.00006,0.42705,-0.14278,0.10800,-0.00251,-1.00000,0.00000,0.00000,-0.00000
1.6906,16.85029,0.00000,0.00000,0.00000,0.00004,0.90423,0.00003,0.42705,0.07752,0.40494,0.00195,-1.00000,0.00000,0.00000,-0.00000
1.6976,16.86029,0.00000,0.00000,-0.00001,0.00003,0.90423,0.00005,0.42705,-0.05886,0.05389,-0.00251,-1.00000,0.00000,0.00000,-0.00000
1.7047,16.87029,0.00000,0.00000,0.00000,0.00003,0.90423,0.00004,0.42705,-0.05180,0.41851,0.00208,-1.00000,0.00000,0.00000,-0.00000
1.7191,16.88029,0.00000,0.00000,0.00000,0.00004,0.90423,0.00003,0.42705,0.09051,0.27706,-0.00030,-1.00000,0.00000,0.00000,-0.00000
1.7261,16.89029,0.00000,0.00000,-0.00001,0.00003,0.90423,0.00005,0.42705,-0.14103,0.10723,-0.00252,-1.00000,0.00000,0.00000,-0.00000
1.7405,16.90029,0.00000,0.00000,0.00000,0.00003,0.90423,0.00003,0.42705,0.03053,0.36244,0.00200,-1.00000,0.00000,0.00000,-0.00000
1.7478,16.91029,0.00000,0.00000,-0.00001,0.00004,0.90423,0.00002,0.42705,0.24686,0.07798,-0.00258,-1.00000,0.00000,0.00000,-0.00000
1.7547,16.92029,0.00000,0.00000,-0.00001,0.00003,0.90423,0.00005,0.42705,-0.29923,0.31611,-0.00020,-1.00000,0.00000,0.00000,-0.00000
1.7692,16.93029,0.00000,0.00000,0.00000,0.00004,0.90423,0.00003,0.42705,0.03004,0.36548,0.00202,-1.00000,0.00000,0.00000,-0.00000
1.7765,16.94029,0.00000,0.00000,-0.00001,0.00004,0.90423,0.00002,0.42705,0.24637,0.08095,-0.00258,-1.00000,0.00000,0.00000,-0.00000
1.7838,16.95029,0.00000,0.00000,-0.00001,0.00004,0.90423,0.00005,0.42705,-0.29655,0.31542,-0.00020,-1.00000,0.00000,0.00000,-0.00000
1.7982,16.96029,0.00000,0.00000,0.00000,0.00004,0.90423,0.00003,0.42705,0.02952,0.36861,0.00202,-1.00000,0.00000,0.00000,-0.00000
1.8057,16.97029,0.00000,0.00000,-0.00001,0.00003,0.90423,0.00006,0.42705,-0.14229,0.10784,-0.00251,-1.00000,0.00000,0.00000,-0.00000
1.8196,16.98029,0.00000,0.00000,0.00000,0.00004,0.90423,0.00003,0.42705,0.07742,0.40558,0.00196,-1.00000,0.00000,0.00000,-0.00000
1.8273,16.99029,0.00000,0.00000,-0.00001,0.00003,0.90423,0.00005,0.42705,-0.05837,0.05373,-0.00251,-1.00000,0.00000,0.00000,-0.00000
1.8358,17.00029,0.00000,0.00000,0.00000,0.00003,0.90423,0.00004,0.42705,-0.05191,0.41915,0.00208,-1.00000,0.00000,0.00000,-0.00000
1.8505,17.01029,0.00000,0.00000,0.00000,0.00004,0.90423,0.00003,0.42705,0.09042,0.27759,-0.00030,-1.00000,0.00000,0.00000,-0.00000
1.8611,17.02029,0.00000,0.00000,-0.00001,0.00003,0.90423,0.00005,0.42705,-0.14054,0.10718,-0.00252,-1.00000,0.00000,0.00000,-0.00000
1.8695,17.03029,0.00000,0.00000,0.00000,0.00003,0.90423,0.00003,0.42705,0.03043,0.36301,0.00200,-1.00000,0.00000,0.00000,-0.00000
1.8783,17.04029,0.00000,0.00000,-0.00001,0.00004,0.90423,0.00002,0.42705,0.24676,0.07859,-0.00258,-1.00000,0.00000,0.00000,-0.00000
1.8879,17.05029,0.00000,0.00000,-0.00001,0.00003,0.90423,0.00005,0.42705,-0.29866,0.31589,-0.00020,-1.00000,0.00000,0.00000,-0.00000
1.8950,17.06030,0.00000,0.00000,0.00000,0.00004,0.90423,0.00003,0.42705,0.02994,0.36610,0.00202,-1.00000,0.00000,0.00000,-0.00000
1.9089,17.07030,0.00000,0.00000,-0.00001,0.00003,0.90423,0.00004,0.42705,-0.01178,0.08973,-0.00254,-1.00000,0.00000,0.00000,-0.00000
1.9158,17.08030,0.00000,0.00000,0.00000,0.00004,0.90423,0.00004,0.42705,-0.05208,0.42402,0.00206,-1.00000,0.00000,0.00000,-0.00000
1.9297,17.09030,0.00000,0.00000,0.00000,0.00004,0.90423,0.00003,0.42705,0.04601,0.22713,-0.00018,-1.00000,0.00000,0.00000,-0.00000
1.9366,17.10030,0.00000,0.00000,-0.00001,0.00004,0.90423,0.00005,0.42705,-0.08989,0.14987,-0.00263,-1.00000,0.00000,0.00000,-0.00000
1.9436,17.11030,0.00000,0.00000,0.00000,0.00004,0.90423,0.00003,0.42705,0.03034,0.36850,0.00198,-1.00000,0.00000,0.00000,-0.00000
1.9575,17.12030,0.00000,0.00000,-0.00001,0.00003,0.90423,0.00006,0.42705,-0.14252,0.10795,-0.00251,-1.00000,0.00000,0.00000,-0.00000
1.9644,17.13030,0.00000,0.00000,0.00000,0.00004,0.90423,0.00003,0.42705,0.07747,0.40525,0.00195,-1.00000,0.00000,0.00000,-0.00000
1.9783,17.14030,0.00000,0.00000,-0.00001,0.00003,0.90423,0.00005,0.42705,-0.05862,0.05384,-0.00251,-1.00000,0.00000,0.00000,-0.00000
1.9852,17.15030,0.00000,0.00000,0.00000,0.00003,0.90423,0.00004,0.42705,-0.05185,0.41882,0.00208,-1.00000,0.00000,0.00000,-0.00000
1.9991,17.16030,0.00000,0.00000,0.00000,0.00004,0.90423,0.00003,0.42705,0.09046,0.27733,-0.00030,-1.00000,0.00000,0.00000,-0.00000
2.0061,17.17030,0.00000,0.00000,-0.00001,0.00003,0.90423,0.00005,0.42705,-0.05702,0.05299,-0.00251,-1.00000,0.00000,0.00000,-0.00000
2.0200,17.18030,0.00000,0.00000,0.00000,0.00004,0.90423,0.00004,0.42705,-0.05231,0.42150,0.00208,-1.00000,0.00000,0.00000,-0.00000
2.0269,17.19030,0.00000,0.00000,0.00000,0.00004,0.90423,0.00003,0.42705,0.09004,0.27988,-0.00030,-1.00000,0.00000,0.00000,-0.00000
2.0339,17.20030,0.00000,0.00000,-0.00001,0.00003,0.90423,0.00005,0.42705,-0.13843,0.10671,-0.00252,-1.00000,0.00000,0.00000,-0.00000
2.0478,17.21030,0.00000,0.00000,0.00000,0.00004,0.90423,0.00003,0.42705,0.03003,0.36546,0.00200,-1.00000,0.00000,0.00000,-0.00000
2.0547,17.22030,0.00000,0.00000,-0.00001,0.00003,0.90423,0.00005,0.42705,-0.01210,0.08966,-0.00254,-1.00000,0.00000,0.00000,-0.00000
2.0686,17.23030,0.00000,0.00000,0.00000,0.00004,0.90423,0.00004,0.42705,-0.05200,0.42358,0.00206,-1.00000,0.00000,0.00000,-0.00000
2.0755,17.24030,0.00000,0.00000,0.00000,0.00004,0.90423,0.00003,0.42705,0.09280,0.27091,-0.00022,-1.00000,0.00000,0.00000,-0.00000
2.0894,17.25030,0.00000,0.00000,-0.00001,0.00003,0.90423,0.00005,0.42705,-0.13940,0.10705,-0.00252,-1.00000,0.00000,0.00000,-0.00000
2.0963,17.26030,0.00000,0.00000,0.00000,0.00003,0.90423,0.00003,0.42705,0.03014,0.36470,0.00200,-1.00000,0.00000,0.00000,-0.00000
2.1102,17.27030,0.00000,0.00000,-0.00001,0.00004,0.90423,0.00003,0.42705,0.17088,0.12755,-0.00259,-1.00000,0.00000,0.00000,-0.00000
2.1172,17.28030,0.00000,0.00000,0.00000,0.00003,0.90423,0.00005,0.42705,-0.36747,0.45802,0.00196,-1.00000,0.00000,0.00000,-0.00000
2.1243,17.29030,0.00000,0.00000,0.00000,0.00004,0.90423,0.00004,0.42705,0.10435,0.21914,-0.00014,-1.00000,0.00000,0.00000,-0.00000
2.1385,17.30030,0.00000,0.00000,0.00000,0.00004,0.90423,0.00003,0.42705,0.09298,0.26984,-0.00024,-1.00000,0.00000,0.00000,-0.00000
2.1454,17.31030,0.00000,0.00000,-0.00001,0.00003,0.90423,0.00005,0.42705,-0.14013,0.10715,-0.00252,-1.00000,0.00000,0.00000,-0.00000
2.1593,17.32030,0.00000,0.00000,0.00000,0.00003,0.90423,0.00003,0.42705,0.03031,0.36373,0.00200,-1.00000,0.00000,0.00000,-0.00000
2.1663,17.33030,0.00000,0.00000,-0.00001,0.00004,0.90423,0.00002,0.42705,0.24664,0.07932,-0.00258,-1.00000,0.00000,0.00000,-0.00000
2.1801,17.34030,0.00000,0.00000,-0.00001,0.00003,0.90423,0.00005,0.42705,-0.29809,0.31591,-0.00020,-1.00000,0.00000,0.00000,-0.00000
2.1871,17.35030,0.00000,0.00000,0.00000,0.00004,0.90423,0.00003,0.42705,0.02979,0.36694,0.00202,-1.00000,0.00000,0.00000,-0.00000
2.1940,17.36030,0.00000,0.00000,-0.00001,0.00003,0.90423,0.00005,0.42705,-0.09489,0.14381,-0.00256,-1.00000,0.00000,0.00000,-0.00000
2.2079,17.37030,0.00000,0.00000,0.00000,0.00004,0.90423,0.00003,0.42705,0.03058,0.36608,0.00198,-1.00000,0.00000,0.00000,-0.00000
2.2148,17.38030,0.00000,0.00000,-0.00001,0.00003,0.90423,0.00004,0.42705,-0.01176,0.08961,-0.00254,-1.00000,0.00000,0.00000,-0.00000
2.2289,17.39030,0.00000,0.00000,0.00000,0.00004,0.90423,0.00004,0.42705,-0.05206,0.42395,0.00206,-1.00000,0.00000,0.00000,-0.00000
2.2358,17.40030,0.00000,0.00000,0.00000,0.00004,0.90423,0.00003,0.42705,0.04605,0.22695,-0.00018,-1.00000,0.00000,0.00000,-0.00000
2.2498,17.41030,0.00000,0.00000,-0.00001,0.00004,0.90423,0.00005,0.42705,-0.08989,0.14982,-0.00263,-1.00000,0.00000,0.00000,-0.00000
2.2566,17.42030,0.00000,0.00000,0.00000,0.00004,0.90423,0.00003,0.42705,0.03036,0.36837,0.00198,-1.00000,0.00000,0.00000,-0.00000
2.2636,17.43030,0.00000,0.00000,-0.00001,0.00003,0.90423,0.00006,0.42705,-0.14243,0.10778,-0.00251,-1.00000,0.00000,0.00000,-0.00000
2.2775,17.44030,0.00000,0.00000,0.00000,0.00004,0.90423,0.00003,0.42705,0.07749,0.40518,0.00196,-1.00000,0.00000,0.00000,-0.00000
2.2845,17.45030,0.00000,0.00000,-0.00001,0.00003,0.90423,0.00005,0.42705,-0.05861,0.05372,-0.00251,-1.00000,0.00000,0.00000,-0.00000
2.2985,17.46030,0.00000,0.00000,0.00000,0.00003,0.90423,0.00004,0.42705,-0.05184,0.41876,0.00208,-1.00000,0.00000,0.00000,-0.00000
2.3058,17.47030,0.00000,0.00000,0.00000,0.00004,0.90423,0.00003,0.42705,0.09050,0.27720,-0.00030,-1.00000,0.00000,0.00000,-0.00000
2.3199,17.48030,0.00000,0.00000,-0.00001,0.00003,0.90423,0.00005,0.42705,-0.05694,0.05287,-0.00251,-1.00000,0.00000,0.00000,-0.00000
2.3270,17.49030,0.00000,0.00000,0.00000,0.00004,0.90423,0.00004,0.42705,-0.05230,0.42143,0.00208,-1.00000,0.00000,0.00000,-0.00000
2.3337,17.50031,0.00000,0.00000,0.00000,0.00004,0.90423,0.00003,0.42705,0.09005,0.27981,-0.00030,-1.00000,0.00000,0.00000,-0.00000
2.3479,17.51031,0.00000,0.00000,-0.00001,0.00003,0.90423,0.00005,0.42705,-0.13843,0.10666,-0.00252,-1.00000,0.00000,0.00000,-0.00000
2.3549,17.52031,0.00000,0.00000,0.00000,0.00004,0.90423,0.00003,0.42705,0.03004,0.36539,0.00200,-1.00000,0.00000,0.00000,-0.00000
2.3690,17.53031,0.00000,0.00000,-0.00001,0.00003,0.90423,0.00005,0.42705,-0.01210,0.08960,-0.00254,-1.00000,0.00000,0.00000,-0.00000
2.3762,17.54031,0.00000,0.00000,0.00000,0.00004,0.90423,0.00004,0.42705,-0.05198,0.42347,0.00206,-1.00000,0.00000,0.00000,-0.00000
2.3901,17.55031,0.00000,0.00000,0.00000,0.00004,0.90423,0.00003,0.42705,0.09281,0.27084,-0.00022,-1.00000,0.00000,0.00000,-0.00000
2.3972,17.56031,0.00000,0.00000,-0.00001,0.00003,0.90423,0.00005,0.42705,-0.13940,0.10700,-0.00252,-1.00000,0.00000,0.00000,-0.00000
2.4042,17.57031,0.00000,0.00000,0.00000,0.00004,0.90423,0.00003,0.42705,0.03016,0.36459,0.00200,-1.00000,0.00000,0.00000,-0.00000
2.4182,17.58031,0.00000,0.00000,-0.00001,0.00004,0.90423,0.00002,0.42705,0.24648,0.08022,-0.00258,-1.00000,0.00000,0.00000,-0.00000
2.4252,17.59031,0.00000,0.00000,-0.00001,0.00004,0.90423,0.00005,0.42705,-0.29736,0.31581,-0.00020,-1.00000,0.00000,0.00000,-0.00000
2.4392,17.60031,0.00000,0.00000,0.00000,0.00004,0.90423,0.00003,0.42705,0.02964,0.36784,0.00202,-1.00000,0.00000,0.00000,-0.00000
2.4461,17.61031,0.00000,0.00000,-0.00001,0.00003,0.90423,0.00006,0.42705,-0.14302,0.10811,-0.00251,-1.00000,0.00000,0.00000,-0.00000
2.4600,17.62031,0.00000,0.00000,0.00000,0.00004,0.90423,0.00003,0.42705,0.07753,0.40480,0.00195,-1.00000,0.00000,0.00000,-0.00000
2.4670,17.63031,0.00000,0.00000,-0.00001,0.00003,0.90423,0.00005,0.42705,-0.05918,0.05400,-0.00251,-1.00000,0.00000,0.00000,-0.00000
2.4738,17.64031,0.00000,0.00000,0.00000,0.00004,0.90423,0.00004,0.42705,-0.00507,0.46260,0.00203,-1.00000,0.00000,0.00000,-0.00000
2.4879,17.65031,0.00000,0.00000,0.00000,0.00003,0.90423,0.00005,0.42705,-0.21606,0.25572,-0.00026,-1.00000,0.00000,0.00000,-0.00000
2.4949,17.66031,0.00000,0.00000,0.00000,0.00003,0.90423,0.00003,0.42705,0.18728,0.16121,-0.00026,-1.00000,0.00000,0.00000,-0.00000
2.5088,17.67031,0.00000,0.00000,-0.00001,0.00004,0.90423,0.00003,0.42705,0.16483,0.13097,-0.00251,-1.00000,0.00000,0.00000,-0.00000
2.5159,17.68031,0.00000,0.00000,0.00000,0.00003,0.90423,0.00005,0.42705,-0.36940,0.45774,0.00195,-1.00000,0.00000,0.00000,-0.00000
2.5297,17.69031,0.00000,0.00000,0.00000,0.00004,0.90423,0.00004,0.42705,0.11099,0.21231,-0.00025,-1.00000,0.00000,0.00000,-0.00000
2.5366,17.70031,0.00000,0.00000,0.00000,0.00004,0.90423,0.00003,0.42705,0.08997,0.28019,-0.00033,-1.00000,0.00000,0.00000,-0.00000
2.5436,17.71031,0.00000,0.00000,-0.00001,0.00004,0.90423,0.00006,0.42705,-0.14437,0.11247,-0.00241,-1.00000,0.00000,0.00000,-0.00000
2.5574,17.72031,0.00000,0.00000,0.00000,0.00004,0.90423,0.00003,0.42705,0.03046,0.36331,0.00200,-1.00000,0.00000,0.00000,-0.00000
2.5644,17.73031,0.00000,0.00000,0.00000,0.00004,0.90423,0.00003,0.42705,0.09285,0.27194,-0.00024,-1.00000,0.00000,0.00000,-0.00000
2.5783,17.74031,0.00000,0.00000,-0.00001,0.00003,0.90423,0.00006,0.42705,-0.14509,0.11293,-0.00241,-1.00000,0.00000,0.00000,-0.00000
2.5853,17.75031,0.00000,0.00000,0.00000,0.00004,0.90423,0.00003,0.42705,0.03048,0.36306,0.00200,-1.00000,0.00000,0.00000,-0.00000
2.5993,17.76031,0.00000,0.00000,0.00000,0.00004,0.90423,0.00002,0.42705,0.08986,0.28237,-0.00032,-1.00000,0.00000,0.00000,-0.00000
2.6063,17.77031,0.00000,0.00000,-0.00001,0.00004,0.90423,0.00005,0.42705,-0.14282,0.11240,-0.00241,-1.00000,0.00000,0.00000,-0.00000
2.6201,17.78031,0.00000,0.00000,0.00000,0.00004,0.90423,0.00003,0.42705,0.03010,0.36538,0.00200,-1.00000,0.00000,0.00000,-0.00000
2.6272,17.79031,0.00000,0.00000,0.00000,0.00003,0.90423,0.00005,0.42705,-0.21578,0.25639,-0.00026,-1.00000,0.00000,0.00000,-0.00000
2.6341,17.80031,0.00000,0.00000,0.00000,0.00003,0.90423,0.00004,0.42705,0.10520,0.21416,-0.00016,-1.00000,0.00000,0.00000,-0.00000
2.6480,17.81031,0.00000,0.00000,0.00000,0.00004,0.90423,0.00003,0.42705,0.09075,0.27585,-0.00033,-1.00000,0.00000,0.00000,-0.00000
2.6556,17.82031,0.00000,0.00000,-0.00001,0.00003,0.90423,0.00005,0.42705,-0.05792,0.05290,-0.00251,-1.00000,0.00000,0.00000,-0.00000
2.6698,17.83031,0.00000,0.00000,0.00000,0.00004,0.90423,0.00004,0.42705,-0.05207,0.42011,0.00208,-1.00000,0.00000,0.00000,-0.00000
2.6775,17.84031,0.00000,0.00000,0.00000,0.00004,0.90423,0.00003,0.42705,0.09027,0.27860,-0.00030,-1.00000,0.00000,0.00000,-0.00000
2.6844,17.85031,0.00000,0.00000,-0.00001,0.00003,0.90423,0.00005,0.42705,-0.05564,0.05250,-0.00251,-1.00000,0.00000,0.00000,-0.00000
2.6983,17.86031,0.00000,0.00000,0.00000,0.00004,0.90423,0.00004,0.42705,-0.05254,0.42289,0.00208,-1.00000,0.00000,0.00000,-0.00000
2.7053,17.87031,0.00000,0.00000,0.00000,0.00004,0.90423,0.00003,0.42705,0.09285,0.27048,-0.00022,-1.00000,0.00000,0.00000,-0.00000
2.7192,17.88031,0.00000,0.00000,-0.00001,0.00003,0.90423,0.00005,0.42705,-0.13981,0.10716,-0.00252,-1.00000,0.00000,0.00000,-0.00000
2.7261,17.89031,0.00000,0.00000,0.00000,0.00003,0.90423,0.00003,0.42705,0.03021,0.36428,0.00200,-1.00000,0.00000,0.00000,-0.00000
2.7400,17.90031,0.00000,0.00000,-0.00001,0.00004,0.90423,0.00003,0.42705,0.17094,0.12713,-0.00259,-1.00000,0.00000,0.00000,-0.00000
2.7469,17.91031,0.00000,0.00000,0.00000,0.00003,0.90423,0.00005,0.42705,-0.36788,0.45813,0.00196,-1.00000,0.00000,0.00000,-0.00000
2.7539,17.92031,0.00000,0.00000,0.00000,0.00004,0.90423,0.00004,0.42705,0.10442,0.21872,-0.00014,-1.00000,0.00000,0.00000,-0.00000
2.7678,17.93032,0.00000,0.00000,0.00000,0.00005,0.90423,0.00003,0.42705,0.09004,0.28010,-0.00033,-1.00000,0.00000,0.00000,-0.00000
2.7747,17.94032,0.00000,0.00000,-0.00001,0.00003,0.90423,0.00004,0.42705,-0.05402,0.05207,-0.00250,-1.00000,0.00000,0.00000,-0.00000
2.7886,17.95032,0.00000,0.00000,0.00000,0.00004,0.90423,0.00003,0.42705,-0.05283,0.42467,0.00208,-1.00000,0.00000,0.00000,-0.00000
2.7956,17.96032,0.00000,0.00000,0.00000,0.00003,0.90423,0.00005,0.42705,-0.21663,0.25551,-0.00024,-1.00000,0.00000,0.00000,-0.00000
2.8094,17.97032,0.00000,0.00000,0.00000,0.00003,0.90423,0.00003,0.42705,0.18724,0.16138,-0.00026,-1.00000,0.00000,0.00000,-0.00000
2.8165,17.98032,0.00000,0.00000,-0.00001,0.00004,0.90423,0.00003,0.42705,0.16480,0.13115,-0.00251,-1.00000,0.00000,0.00000,-0.00000
2.8304,17.99032,0.00000,0.00000,0.00000,0.00003,0.90423,0.00005,0.42705,-0.36924,0.45774,0.00195,-1.00000,0.00000,0.00000,-0.00000
2.8374,18.00032,0.00000,0.00000,0.00000,0.00004,0.90423,0.00004,0.42705,0.10485,0.21631,-0.00014,-1.00000,0.00000,0.00000,-0.00000
2.8443,18.01032,0.00000,0.00000,0.00000,0.00005,0.90423,0.00003,0.42705,0.09044,0.27780,-0.00033,-1.00000,0.00000,0.00000,-0.00000
2.8592,18.02032,0.00000,0.00000,0.00000,0.00003,0.90423,0.00005,0.42705,-0.21086,0.25489,-0.00027,-1.00000,0.00000,0.00000,-0.00000
2.8662,18.03032,0.00000,0.00000,0.00000,0.00004,0.90423,0.00004,0.42705,0.10432,0.21952,-0.00016,-1.00000,0.00000,0.00000,-0.00000
2.8801,18.04032,0.00000,0.00000,0.00000,0.00004,0.90423,0.00003,0.42705,0.04623,0.22602,-0.00020,-1.00000,0.00000,0.00000,-0.00000
2.8870,18.05032,0.00000,0.00000,-0.00001,0.00004,0.90423,0.00002,0.42705,0.24561,0.08001,-0.00257,-1.00000,0.00000,0.00000,-0.00000
2.8939,18.06032,0.00000,0.00000,-0.00001,0.00004,0.90423,0.00005,0.42705,-0.29698,0.31558,-0.00020,-1.00000,0.00000,0.00000,-0.00000
2.9078,18.07032,0.00000,0.00000,0.00000,0.00004,0.90423,0.00003,0.42705,0.02960,0.36809,0.00202,-1.00000,0.00000,0.00000,-0.00000
2.9147,18.08032,0.00000,0.00000,-0.00001,0.00003,0.90423,0.00006,0.42705,-0.14270,0.10800,-0.00251,-1.00000,0.00000,0.00000,-0.00000
2.9288,18.09032,0.00000,0.00000,0.00000,0.00004,0.90423,0.00003,0.42705,0.07750,0.40509,0.00195,-1.00000,0.00000,0.00000,-0.00000
2.9359,18.10032,0.00000,0.00000,-0.00001,0.00003,0.90423,0.00005,0.42705,-0.05878,0.05383,-0.00251,-1.00000,0.00000,0.00000,-0.00000
2.9501,18.11032,0.00000,0.00000,0.00000,0.00003,0.90423,0.00004,0.42705,-0.05182,0.41862,0.00208,-1.00000,0.00000,0.00000,-0.00000
2.9582,18.12032,0.00000,0.00000,0.00000,0.00004,0.90423,0.00003,0.42705,0.09051,0.27706,-0.00030,-1.00000,0.00000,0.00000,-0.00000
2.9659,18.13032,0.00000,0.00000,-0.00001,0.00003,0.90423,0.00005,0.42705,-0.14094,0.10723,-0.00252,-1.00000,0.00000,0.00000,-0.00000
2.9797,18.14032,0.00000,0.00000,0.00000,0.00003,0.90423,0.00003,0.42705,0.03053,0.36248,0.00200,-1.00000,0.00000,0.00000,-0.00000
2.9866,18.15032,0.00000,0.00000,-0.00001,0.00004,0.90423,0.00002,0.42705,0.24684,0.07813,-0.00258,-1.00000,0.00000,0.00000,-0.00000
2.9936,18.16032,0.00000,0.00000,-0.00001,0.00003,0.90423,0.00005,0.42705,-0.29914,0.31606,-0.00020,-1.00000,0.00000,0.00000,-0.00000
3.0076,18.17032,0.00000,0.00000,0.00000,0.00004,0.90423,0.00003,0.42705,0.03002,0.36560,0.00202,-1.00000,0.00000,0.00000,-0.00000
3.0145,18.18032,0.00000,0.00000,-0.00001,0.00004,0.90423,0.00002,0.42705,0.24637,0.08095,-0.00258,-1.00000,0.00000,0.00000,-0.00000
3.0286,18.19032,0.00000,0.00000,-0.00001,0.00004,0.90423,0.00005,0.42705,-0.29655,0.31548,-0.00020,-1.00000,0.00000,0.00000,-0.00000
3.0355,18.20032,0.00000,0.00000,0.00000,0.00004,0.90423,0.00003,0.42705,0.02952,0.36861,0.00202,-1.00000,0.00000,0.00000,-0.00000
3.0495,18.21032,0.00000,0.00000,-0.00001,0.00003,0.90423,0.00006,0.42705,-0.14221,0.10784,-0.00251,-1.00000,0.00000,0.00000,-0.00000
3.0564,18.22032,0.00000,0.00000,0.00000,0.00004,0.90423,0.00003,0.42705,0.07741,0.40562,0.00196,-1.00000,0.00000,0.00000,-0.00000
3.0703,18.23032,0.00000,0.00000,-0.00001,0.00003,0.90423,0.00005,0.42705,-0.05829,0.05373,-0.00251,-1.00000,0.00000,0.00000,-0.00000
3.0772,18.24032,0.00000,0.00000,0.00000,0.00003,0.90423,0.00004,0.42705,-0.05191,0.41920,0.00208,-1.00000,0.00000,0.00000,-0.00000
3.0842,18.25032,0.00000,0.00000,0.00000,0.00004,0.90423,0.00003,0.42705,0.09040,0.27770,-0.00030,-1.00000,0.00000,0.00000,-0.00000
3.0981,18.26032,0.00000,0.00000,-0.00001,0.00003,0.90423,0.00005,0.42705,-0.14046,0.10713,-0.00252,-1.00000,0.00000,0.00000,-0.00000
3.1050,18.27032,0.00000,0.00000,0.00000,0.00003,0.90423,0.00003,0.42705,0.03042,0.36312,0.00200,-1.00000,0.00000,0.00000,-0.00000
3.1192,18.28032,0.00000,0.00000,-0.00001,0.00004,0.90423,0.00002,0.42705,0.24674,0.07871,-0.00258,-1.00000,0.00000,0.00000,-0.00000
3.1270,18.29032,0.00000,0.00000,-0.00001,0.00003,0.90423,0.00005,0.42705,-0.29849,0.31584,-0.00020,-1.00000,0.00000,0.00000,-0.00000
3.1341,18.30032,0.00000,0.00000,0.00000,0.00004,0.90423,0.00003,0.42705,0.02992,0.36621,0.00202,-1.00000,0.00000,0.00000,-0.00000
3.1489,18.31032,0.00000,0.00000,-0.00001,0.00003,0.90423,0.00004,0.42705,-0.01170,0.08967,-0.00254,-1.00000,0.00000,0.00000,-0.00000
3.1596,18.32032,0.00000,0.00000,0.00000,0.00004,0.90423,0.00004,0.42705,-0.05210,0.42418,0.00206,-1.00000,0.00000,0.00000,-0.00000
3.1669,18.33032,0.00000,0.00000,0.00000,0.00004,0.90423,0.00003,0.42705,0.04601,0.22717,-0.00018,-1.00000,0.00000,0.00000,-0.00000
3.1749,18.34032,0.00000,0.00000,-0.00001,0.00004,0.90423,0.00005,0.42705,-0.08973,0.14982,-0.00263,-1.00000,0.00000,0.00000,-0.00000
3.1852,18.35032,0.00000,0.00000,0.00000,0.00004,0.90423,0.00003,0.42705,0.03032,0.36866,0.00198,-1.00000,0.00000,0.00000,-0.00000
3.2023,18.36032,0.00000,0.00000,-0.00001,0.00003,0.90423,0.00006,0.42705,-0.14227,0.10778,-0.00251,-1.00000,0.00000,0.00000,-0.00000
3.2100,18.37033,0.00000,0.00000,0.00000,0.00004,0.90423,0.00003,0.42705,0.07745,0.40540,0.00196,-1.00000,0.00000,0.00000,-0.00000
3.2196,18.38033,0.00000,0.00000,-0.00001,0.00003,0.90423,0.00005,0.42705,-0.05837,0.05367,-0.00251,-1.00000,0.00000,0.00000,-0.00000
3.2269,18.39033,0.00000,0.00000,0.00000,0.00003,0.90423,0.00004,0.42705,-0.05188,0.41904,0.00208,-1.00000,0.00000,0.00000,-0.00000
3.2342,18.40033,0.00000,0.00000,0.00000,0.00004,0.90423,0.00003,0.42705,0.09045,0.27748,-0.00030,-1.00000,0.00000,0.00000,-0.00000
3.2481,18.41033,0.00000,0.00000,-0.00001,0.00003,0.90423,0.00005,0.42705,-0.14054,0.10707,-0.00252,-1.00000,0.00000,0.00000,-0.00000
3.2558,18.42033,0.00000,0.00000,0.00000,0.00003,0.90423,0.00003,0.42705,0.03045,0.36290,0.00200,-1.00000,0.00000,0.00000,-0.00000
3.2700,18.43033,0.00000,0.00000,-0.00001,0.00004,0.90423,0.00002,0.42705,0.24679,0.07848,-0.00258,-1.00000,0.00000,0.00000,-0.00000
3.2770,18.44033,0.00000,0.00000,-0.00001,0.00003,0.90423,0.00005,0.42705,-0.29866,0.31584,-0.00020,-1.00000,0.00000,0.00000,-0.00000
3.2844,18.45033,0.00000,0.00000,0.00000,0.00004,0.90423,0.00003,0.42705,0.02994,0.36606,0.00202,-1.00000,0.00000,0.00000,-0.00000
3.2994,18.46033,0.00000,0.00000,-0.00001,0.00003,0.90423,0.00004,0.42705,-0.01186,0.08966,-0.00254,-1.00000,0.00000,0.00000,-0.00000
3.3064,18.47033,0.00000,0.00000,0.00000,0.00004,0.90423,0.00004,0.42705,-0.05206,0.42395,0.00206,-1.00000,0.00000,0.00000,-0.00000
3.3203,18.48033,0.00000,0.00000,0.00000,0.00004,0.90423,0.00003,0.42705,0.04603,0.22702,-0.00018,-1.00000,0.00000,0.00000,-0.00000
3.3272,18.49033,0.00000,0.00000,-0.00001,0.00004,0.90423,0.00003,0.42705,0.16987,0.12807,-0.00258,-1.00000,0.00000,0.00000,-0.00000
3.3361,18.50033,0.00000,0.00000,-0.00001,0.00003,0.90423,0.00005,0.42705,-0.21154,0.25511,-0.00028,-1.00000,0.00000,0.00000,-0.00000
3.3477,18.51033,0.00000,0.00000,0.00000,0.00004,0.90423,0.00004,0.42705,-0.05258,0.42302,0.00210,-1.00000,0.00000,0.00000,-0.00000
3.3566,18.52033,0.00000,0.00000,0.00000,0.00004,0.90423,0.00003,0.42705,0.09285,0.27048,-0.00022,-1.00000,0.00000,0.00000,-0.00000
3.3720,18.53033,0.00000,0.00000,-0.00001,0.00003,0.90423,0.00005,0.42705,-0.13989,0.10721,-0.00252,-1.00000,0.00000,0.00000,-0.00000
3.3785,18.54033,0.00000,0.00000,0.00000,0.00003,0.90423,0.00003,0.42705,0.03021,0.36423,0.00200,-1.00000,0.00000,0.00000,-0.00000
3.3854,18.55033,0.00000,0.00000,-0.00001,0.00004,0.90423,0.00003,0.42705,0.17095,0.12708,-0.00259,-1.00000,0.00000,0.00000,-0.00000
3.3996,18.56033,0.00000,0.00000,0.00000,0.00003,0.90423,0.00005,0.42705,-0.36796,0.45818,0.00195,-1.00000,0.00000,0.00000,-0.00000
3.4065,18.57033,0.00000,0.00000,0.00000,0.00004,0.90423,0.00004,0.42705,0.10443,0.21868,-0.00014,-1.00000,0.00000,0.00000,-0.00000
3.4204,18.58033,0.00000,0.00000,0.00000,0.00005,0.90423,0.00003,0.42705,0.09003,0.28010,-0.00033,-1.00000,0.00000,0.00000,-0.00000
3.4273,18.59033,0.00000,0.00000,-0.00001,0.00003,0.90423,0.00004,0.42705,-0.05402,0.05207,-0.00250,-1.00000,0.00000,0.00000,-0.00000
3.4343,18.60033,0.00000,0.00000,0.00000,0.00004,0.90423,0.00003,0.42705,-0.05283,0.42462,0.00208,-1.00000,0.00000,0.00000,-0.00000
3.4482,18.61033,0.00000,0.00000,0.00000,0.00003,0.90423,0.00005,0.42705,-0.21671,0.25557,-0.00024,-1.00000,0.00000,0.00000,-0.00000
3.4551,18.62033,0.00000,0.00000,0.00000,0.00003,0.90423,0.00003,0.42705,0.18724,0.16133,-0.00026,-1.00000,0.00000,0.00000,-0.00000
3.4690,18.63033,0.00000,0.00000,-0.00001,0.00004,0.90423,0.00003,0.42705,0.16481,0.13110,-0.00251,-1.00000,0.00000,0.00000,-0.00000
3.4759,18.64033,0.00000,0.00000,0.00000,0.00003,0.90423,0.00005,0.42705,-0.36932,0.45774,0.00195,-1.00000,0.00000,0.00000,-0.00000
3.4899,18.65033,0.00000,0.00000,0.00000,0.00004,0.90423,0.00004,0.42705,0.10485,0.21626,-0.00014,-1.00000,0.00000,0.00000,-0.00000
3.4980,18.66033,0.00000,0.00000,0.00000,0.00005,0.90423,0.00003,0.42705,0.09047,0.27769,-0.00033,-1.00000,0.00000,0.00000,-0.00000
3.5061,18.67033,0.00000,0.00000,0.00000,0.00003,0.90423,0.00005,0.42705,-0.21094,0.25494,-0.00027,-1.00000,0.00000,0.00000,-0.00000
3.5158,18.68033,0.00000,0.00000,0.00000,0.00004,0.90423,0.00004,0.42705,0.10434,0.21940,-0.00016,-1.00000,0.00000,0.00000,-0.00000
3.5249,18.69033,0.00000,0.00000,0.00000,0.00004,0.90423,0.00003,0.42705,0.04623,0.22598,-0.00020,-1.00000,0.00000,0.00000,-0.00000
3.5358,18.70033,0.00000,0.00000,-0.00001,0.00004,0.90423,0.00002,0.42705,0.24563,0.07990,-0.00257,-1.00000,0.00000,0.00000,-0.00000
3.5454,18.71033,0.00000,0.00000,-0.00001,0.00004,0.90423,0.00005,0.42705,-0.29707,0.31564,-0.00020,-1.00000,0.00000,0.00000,-0.00000
3.6073,18.72033,0.00000,0.00000,0.00000,0.00004,0.90423,0.00003,0.42705,0.02960,0.36808,0.00202,0.00000,0.00000,0.00000,-0.00000
3.6148,18.73033,0.00000,0.00000,-0.00001,0.00003,0.90423,0.00006,0.42705,-0.14278,0.10800,-0.00251,0.00000,0.00000,0.00000,-0.00000
3.6153,18.74033,0.00000,0.00000,0.00000,0.00004,0.90423,0.00003,0.42705,0.07750,0.40505,0.00195,0.00000,0.00000,0.00000,-0.00000
3.6159,18.75033,0.00000,0.00000,-0.00001,0.00003,0.90423,0.00005,0.42705,-0.05886,0.05389,-0.00251,0.00000,0.00000,0.00000,-0.00000
3.6165,18.76033,0.00000,0.00000,0.00000,0.00003,0.90423,0.00004,0.42705,-0.05181,0.41858,0.00208,0.00000,0.00000,0.00000,-0.00000
3.6169,18.77033,0.00000,0.00000,0.00000,0.00004,0.90423,0.00003,0.42705,0.09052,0.27701,-0.00030,0.00000,0.00000,0.00000,-0.00000
3.6172,18.78033,0.00000,0.00000,-0.00001,0.00003,0.90423,0.00005,0.42705,-0.14102,0.10729,-0.00252,0.00000,0.00000,0.00000,-0.00000
3.6252,18.79033,0.00000,0.00000,0.00000,0.00003,0.90423,0.00003,0.42705,0.03055,0.36237,0.00200,0.00000,0.00000,0.00000,-0.00000
3.6445,18.80033,0.00000,0.00000,-0.00001,0.00004,0.90423,0.00002,0.42705,0.24687,0.07798,-0.00258,0.00000,0.00000,0.00000,-0.00000
3.6449,18.81034,0.00000,0.00000,-0.00001,0.00003,0.90423,0.00005,0.42705,-0.29923,0.31611,-0.00020,0.00000,0.00000,0.00000,-0.00000
3.6582,18.82034,0.00000,0.00000,0.00000,0.00004,0.90423,0.00003,0.42705,0.03004,0.36548,0.00202,0.00000,0.00000,0.00000,-0.00000
3.6722,18.83034,0.00000,0.00000,-0.00001,0.00004,0.90423,0.00002,0.42705,0.24639,0.08084,-0.00258,0.00000,0.00000,0.00000,-0.00000
3.6792,18.84034,0.00000,0.00000,-0.00001,0.00004,0.90423,0.00005,0.42705,-0.29663,0.31554,-0.00020,0.00000,0.00000,0.00000,-0.00000
3.6864,18.85034,0.00000,0.00000,0.00000,0.00004,0.90423,0.00003,0.42705,0.02952,0.36857,0.00202,0.00000,0.00000,0.00000,-0.00000
3.7002,18.86034,0.00000,0.00000,-0.00001,0.00003,0.90423,0.00006,0.42705,-0.14229,0.10789,-0.00251,0.00000,0.00000,0.00000,-0.00000
3.7072,18.87034,0.00000,0.00000,0.00000,0.00004,0.90423,0.00003,0.42705,0.07742,0.40553,0.00196,0.00000,0.00000,0.00000,-0.00000
3.7141,18.88034,0.00000,0.00000,-0.00001,0.00003,0.90423,0.00005,0.42705,-0.05837,0.05373,-0.00251,0.00000,0.00000,0.00000,-0.00000
3.7280,18.89034,0.00000,0.00000,0.00000,0.00003,0.90423,0.00004,0.42705,-0.05190,0.41911,0.00208,0.00000,0.00000,0.00000,-0.00000
3.7350,18.90034,0.00000,0.00000,0.00000,0.00004,0.90423,0.00003,0.42705,0.09043,0.27754,-0.00030,0.00000,0.00000,0.00000,-0.00000
3.7489,18.91034,0.00000,0.00000,-0.00001,0.00003,0.90423,0.00005,0.42705,-0.14054,0.10718,-0.00252,0.00000,0.00000,0.00000,-0.00000
3.7558,18.92034,0.00000,0.00000,0.00000,0.00003,0.90423,0.00003,0.42705,0.03045,0.36297,0.00200,0.00000,0.00000,0.00000,-0.00000
3.7697,18.93034,0.00000,0.00000,-0.00001,0.00004,0.90423,0.00002,0.42705,0.24677,0.07855,-0.00258,0.00000,0.00000,0.00000,-0.00000
3.7767,18.94034,0.00000,0.00000,-0.00001,0.00003,0.90423,0.00005,0.42705,-0.29866,0.31589,-0.00020,0.00000,0.00000,0.00000,-0.00000
3.7845,18.95034,0.00000,0.00000,0.00000,0.00004,0.90423,0.00003,0.42705,0.02994,0.36606,0.00202,0.00000,0.00000,0.00000,-0.00000
3.7983,18.96034,0.00000,0.00000,-0.00001,0.00003,0.90423,0.00004,0.42705,-0.01178,0.08966,-0.00254,0.00000,0.00000,0.00000,-0.00000
3.8053,18.97034,0.00000,0.00000,0.00000,0.00004,0.90423,0.00004,0.42705,-0.05208,0.42402,0.00206,0.00000,0.00000,0.00000,-0.00000
3.8218,18.98034,0.00000,0.00000,0.00000,0.00003,0.90423,0.00003,0.42705,0.04602,0.22708,-0.00018,0.00000,0.00000,0.00000,-0.00000
3.8494,18.99034,0.00000,0.00000,-0.00001,0.00004,0.90423,0.00003,0.42705,0.16987,0.12807,-0.00258,0.00000,0.00000,0.00000,-0.00000
3.8569,19.00034,0.00000,0.00000,-0.00001,0.00003,0.90423,0.00005,0.42705,-0.21146,0.25512,-0.00028,0.00000,0.00000,0.00000,-0.00000
3.9101,19.01034,0.00000,0.00000,0.00000,0.00004,0.90423,0.00004,0.42705,-0.05259,0.42309,0.00210,0.00000,0.00000,0.00000,-0.00000
3.9113,19.02034,0.00000,0.00000,0.00000,0.00004,0.90423,0.00003,0.42705,0.09284,0.27054,-0.00022,0.00000,0.00000,0.00000,-0.00000
3.9125,19.03034,0.00000,0.00000,-0.00001,0.00003,0.90423,0.00005,0.42705,-0.13981,0.10722,-0.00252,0.00000,0.00000,0.00000,-0.00000
3.9135,19.04034,0.00000,0.00000,0.00000,0.00003,0.90423,0.00003,0.42705,0.03020,0.36435,0.00200,0.00000,0.00000,0.00000,-0.00000
3.9144,19.05034,0.00000,0.00000,-0.00001,0.00004,0.90423,0.00003,0.42705,0.17093,0.12720,-0.00259,0.00000,0.00000,0.00000,-0.00000
3.9152,19.06034,0.00000,0.00000,0.00000,0.00003,0.90423,0.00005,0.42705,-0.36787,0.45818,0.00196,0.00000,0.00000,0.00000,-0.00000
3.9165,19.07034,0.00000,0.00000,0.00000,0.00004,0.90423,0.00004,0.42705,0.10440,0.21879,-0.00014,0.00000,0.00000,0.00000,-0.00000
3.9394,19.08034,0.00000,0.00000,0.00000,0.00005,0.90423,0.00003,0.42705,0.09002,0.28017,-0.00033,0.00000,0.00000,0.00000,-0.00000
3.9406,19.09034,0.00000,0.00000,-0.00001,0.00004,0.90423,0.00005,0.42705,-0.13770,0.10627,-0.00252,0.00000,0.00000,0.00000,-0.00000
3.9556,19.10034,0.00000,0.00000,0.00000,0.00004,0.90423,0.00003,0.42705,0.02995,0.36598,0.00200,0.00000,0.00000,0.00000,-0.00000
3.9694,19.11034,0.00000,0.00000,-0.00001,0.00003,0.90423,0.00005,0.42705,-0.06032,0.05371,-0.00250,0.00000,0.00000,0.00000,-0.00000
3.9705,19.12034,0.00000,0.00000,0.00000,0.00004,0.90423,0.00004,0.42705,-0.00495,0.46182,0.00203,0.00000,0.00000,0.00000,-0.00000
3.9750,19.13034,0.00000,0.00000,0.00000,0.00004,0.90423,0.00003,0.42705,0.04667,0.22734,-0.00019,0.00000,0.00000,0.00000,-0.00000
3.9917,19.14034,0.00000,0.00000,-0.00001,0.00003,0.90423,0.00005,0.42705,-0.09644,0.14360,-0.00255,0.00000,0.00000,0.00000,-0.00000
3.9927,19.15034,0.00000,0.00000,0.00000,0.00004,0.90423,0.00003,0.42705,0.03071,0.36519,0.00198,0.00000,0.00000,0.00000,-0.00000
4.0046,19.16034,0.00000,0.00000,-0.00001,0.00004,0.90423,0.00002,0.42705,0.24647,0.08041,-0.00258,0.00000,0.00000,0.00000,-0.00000
4.0053,19.17034,0.00000,0.00000,-0.00001,0.00004,0.90423,0.00005,0.42705,-0.29688,0.31547,-0.00020,0.00000,0.00000,0.00000,-0.00000
4.0239,19.18034,0.00000,0.00000,0.00000,0.00004,0.90423,0.00003,0.42705,0.02960,0.36813,0.00202,0.00000,0.00000,0.00000,-0.00000
4.0265,19.19034,0.00000,0.00000,-0.00001,0.00003,0.90423,0.00006,0.42705,-0.14261,0.10788,-0.00251,0.00000,0.00000,0.00000,-0.00000
4.0420,19.20034,0.00000,0.00000,0.00000,0.00004,0.90423,0.00003,0.42705,0.07751,0.40502,0.00195,0.00000,0.00000,0.00000,-0.00000
4.0739,19.21034,0.00000,0.00000,-0.00001,0.00003,0.90423,0.00005,0.42705,-0.05869,0.05378,-0.00251,0.00000,0.00000,0.00000,-0.00000
4.0752,19.22034,0.00000,0.00000,0.00000,0.00003,0.90423,0.00004,0.42705,-0.05182,0.41867,0.00208,0.00000,0.00000,0.00000,-0.00000
4.0764,19.23034,0.00000,0.00000,0.00000,0.00004,0.90423,0.00003,0.42705,0.09050,0.27710,-0.00030,0.00000,0.00000,0.00000,-0.00000
4.0770,19.24035,0.00000,0.00000,-0.00001,0.00003,0.90423,0.00005,0.42705,-0.05711,0.05299,-0.00251,0.00000,0.00000,0.00000,-0.00000
4.1037,19.25035,0.00000,0.00000,0.00000,0.00004,0.90423,0.00004,0.42705,-0.05227,0.42128,0.00208,0.00000,0.00000,0.00000,-0.00000
4.1057,19.26035,0.00000,0.00000,0.00000,0.00004,0.90423,0.00003,0.42705,0.09006,0.27977,-0.00030,0.00000,0.00000,0.00000,-0.00000
